단어,의미,파생어1,파생어1 뜻,파생어2,파생어2 뜻,파생어3,파생어3 뜻,파생어4,파생어4 뜻,파생어5,파생어5 뜻,파생어6,파생어6 뜻
physiology,생리학,physiological,생리학의,,,,,,,,,,
pile,"더미, 쌓아올림, 쌓다",,,,,,,,,,,,
primitive,"원시적인, 초기의",,,,,,,,,,,,
prompt,"촉구하다, 자극하다, 즉각적인, 촉구",promptly,즉시,,,,,,,,,,
proportion,"비율, 비례",proportional,비례하는,,,,,,,,,,
prosper,"번영하다, 성공하다",prosperity,번영,,,,,,,,,,
resolve,"해결하다, 결심하다",resolution,결의,,,,,,,,,,
rhythm,"리듬, 박자",rhythmic,리드미컬한,rhyme,"운율, 각운",,,,,,,,
ritual,"의식, 의례",,,,,,,,,,,,
shelf,선반,,,,,,,,,,,,
shelter,"피난처, 보호 시설, 보호하다, 피신시키다",,,,,,,,,,,,
steel,"강철, 단단해지다",,,,,,,,,,,,
suburb,"교외, 근교",suburban,교외의,,,,,,,,,,
swing,"흔들리다, 흔들다, 그네, 변화",,,,,,,,,,,,
textile,"직물, 섬유, 직물의",texture,질감,,,,,,,,,,
tight,"꽉 조이는, 단단한, 빠듯하게, 꽉 조이다",tighten,조이다,tightly,꽉,,,,,,,,
vehicle,"차량, 수단",,,,,,,,,,,,
via,"~을 거쳐, 통해",,,,,,,,,,,,
victory,승리,victor,승리자,victorious,승리한,victoriously,승리하여,,,,,,
vulnerable,"취약한, 연약한",vulnerability,취약성,,,,,,,,,,
wisdom,"지혜, 현명함",,,,,,,,,,,,
abandon,"버리다, 포기하다, 방종",,,,,,,,,,,,
aim,"겨누다, 목표로 하다, 목표, 목적",,,,,,,,,,,,
aluminum,알루미늄,,,,,,,,,,,,
apartment,"아파트, 방",,,,,,,,,,,,
autonomy,"자율성, 자치",,,,,,,,,,,,
branch,"가지, 지점, 분기하다",,,,,,,,,,,,
budget,"예산, 예산을 책정하다",,,,,,,,,,,,
campaign,"캠페인, 운동, 운동을 벌이다",campaigner,운동가,,,,,,,,,,
clarify,명확히 하다,clarity,명료성,clarification,"설명, 해명",,,,,,,,
companion,"동반자, 반려자",companionship,"교제, 동료 관계",,,,,,,,,,
continent,"대륙, 금욕적인",continental,대륙의,,,,,,,,,,
courage,"용기, 담력",courageous,용감한,,,,,,,,,,
crisis,"위기, 고비",,,,,,,,,,,,
deficient,"부족한, 결핍된",deficiency,결핍,deficit,"적자, 부족액",,,,,,,,
disturb,"방해하다, 동요시키다",disturbance,방해,,,,,,,,,,
era,"시대, 연대",,,,,,,,,,,,
estimate,"추정하다, 평가하다, 추정치",estimated,추정된,,,,,,,,,,
ethnic,"민족의, 인종의",ethnicity,민족성,ethnocentrism,자기중심주의,,,,,,,,
execute,"실행하다, 처형하다",execution,"집행, 실행",executive,"경영의, 행정부의, 임원",,,,,,,,
expose,"노출시키다, 폭로하다",exposure,노출,,,,,,,,,,
float,"떠다니다, 띄우다, 부표",,,,,,,,,,,,
glacier,빙하,,,,,,,,,,,,
hence,"그러므로, 따라서",,,,,,,,,,,,
income,"수입, 소득",,,,,,,,,,,,
laboratory,"실험실, 연구실",,,,,,,,,,,,
launch,"시작하다, 출시하다, 시작, 출시",,,,,,,,,,,,
miserable,"비참한, 불행한",misery,"비참, 고통",,,,,,,,,,
narrative,"이야기, 서술, 서사적인",,,,,,,,,,,,
nurse,"간호사, 간호하다, 돌보다",nursery,보육원,,,,,,,,,,
odd,"이상한, 홀수의",,,,,,,,,,,,
offend,"불쾌하게 하다, 화나게 하다",offense,"위반, 범죄, 위반하다",offensive,불쾌한,,,,,,,,
pair,"한 쌍, 짝을 이루다",,,,,,,,,,,,
paradigm,"전형, 모범, 패러다임",,,,,,,,,,,,
persuade,"설득하다, 납득시키다",persuasive,설득력 있는,,,,,,,,,,
random,무작위의,randomly,무작위로,randomness,무작위성,randomization,무작위 배정,,,,,,
republic,공화국,,,,,,,,,,,,
ripen,"익다, 성숙하다",ripe,"익은, 무르익은",,,,,,,,,,
romantic,"낭만적인, 로맨틱한",,,,,,,,,,,,
sacrifice,"희생, 희생하다",sacrificial,희생의,,,,,,,,,,
sector,"부문, 분야",,,,,,,,,,,,
selfish,이기적인,selfishness,이기심,selflessness,"이타심, 희생정신",,,,,,,,
solitary,"고독한, 홀로 있는",solitude,고독,solo,혼자의,,,,,,,,
spirit,"정신, 영혼",spiritual,영적인,,,,,,,,,,
tag,"꼬리표, 표식, 태그를 붙이다",,,,,,,,,,,,
tempt,"유혹하다, 부추기다",temptation,유혹,tempting,유혹적인,,,,,,,,
trait,"특성, 특질",,,,,,,,,,,,
trash,"쓰레기, 쓰레기로 버리다",,,,,,,,,,,,
treatment,"치료, 대우",,,,,,,,,,,,
union,"노동조합, 연합",,,,,,,,,,,,
valid,"유효한, 타당한",validity,유효성,validate,"확인하다, 인증하다",,,,,,,,
van,"밴, 승합차",,,,,,,,,,,,
walnut,호두,,,,,,,,,,,,
yard,"마당, 뜰, 야드(길이의 단위)",,,,,,,,,,,,
acknowledge,"인정하다, 시인하다",,,,,,,,,,,,
ancestor,조상,ancestry,조상,,,,,,,,,,
anticipate,"예상하다, 기대하다",anticipation,예상,,,,,,,,,,
approximate,"대략의, 근사치인, 근접하다",approximately,대략,approximation,"근사치, 유사",,,,,,,,
assemble,"조립하다, 모으다",assembly,조립,,,,,,,,,,
booth,"부스, 가판대",,,,,,,,,,,,
breed,"번식하다, 기르다, 품종",,,,,,,,,,,,
cave,동굴,,,,,,,,,,,,
clue,"단서, 실마리",,,,,,,,,,,,
conserve,"보존하다, 보호하다",conservation,보존,conservative,보수적인,conservationist,환경보호론자,,,,,,
constraint,"제약, 구속",constrain,"제한하다, 강제하다",,,,,,,,,,
contract,"계약, 계약하다, 줄어들다",contraction,"수축, 축약",,,,,,,,,,
counter,"계산대, 반대하다",counterforce,반대 세력,counterpart,상대방,counteract,대응하다,counterproductive,"역효과의, 비생산적인",,,,
deliberate,"신중한, 숙고하다",deliberately,고의로,deliberation,심사숙고,,,,,,,,
democracy,민주주의,democratic,민주적인,democratization,민주화,,,,,,,,
depict,"묘사하다, 그리다",depiction,"묘사, 서술",,,,,,,,,,
depth,깊이,,,,,,,,,,,,
devote,"바치다, 헌신하다",devotion,헌신,,,,,,,,,,
diminish,"줄이다, 약화시키다",,,,,,,,,,,,
drone,"무인기, 드론",,,,,,,,,,,,
endless,"끝없는, 끊임없는",endlessly,끊임없이,,,,,,,,,,
entity,"실체, 존재체",,,,,,,,,,,,
equilibrium,"평형, 균형",,,,,,,,,,,,
essay,"수필, 에세이",,,,,,,,,,,,
flood,"홍수, 침수",,,,,,,,,,,,
foreign,"외국의, 이국적인",,,,,,,,,,,,
gas,"가스, 기체, 중독시키다",,,,,,,,,,,,
giant,"거인, 거대 기업, 거대한",gigantic,"거대한, 막대한",,,,,,,,,,
hole,"구멍, 구멍을 내다",,,,,,,,,,,,
kill,"죽이다, 제거하다",killer,살인자,,,,,,,,,,
lap,"무릎, 두르다, 감싸다",laptop,노트북 컴퓨터,,,,,,,,,,
leap,"뛰다, 급증하다, 도약, 급증",,,,,,,,,,,,
marine,"해양의, 해병, 바다 생물",,,,,,,,,,,,
metal,"금속, 금속의",,,,,,,,,,,,
military,"군사의, 군대의, 군대",,,,,,,,,,,,
narrow,"좁은, 좁아지다, 제한하다",narrowly,가까스로,,,,,,,,,,
pad,"방석, 보호대, 패드, 메우다, 채우다",,,,,,,,,,,,
pedestrian,"보행자, 보행자의, 지루한",,,,,,,,,,,,
planet,행성,,,,,,,,,,,,
pretty,"꽤, 상당히, 예쁜",,,,,,,,,,,,
principal,"주요한, 주된, 교장, 원금",,,,,,,,,,,,
prior,"이전의, 앞선",,,,,,,,,,,,
refrigerator,냉장고,refrigeration,냉장,,,,,,,,,,
refuse,"거부하다, 쓰레기",refusal,"거절, 거부",,,,,,,,,,
retention,"보유, 유지, 기억력",,,,,,,,,,,,
session,"회의, 학기, 기간",,,,,,,,,,,,
shake,"흔들다, 떨리다, 약화시키다, 흔들림",shaky,흔들리는,,,,,,,,,,
shock,"충격, 쇼크, 충격을 주다",,,,,,,,,,,,
shoot,"쏘다, 촬영하다",,,,,,,,,,,,
simultaneously,동시에,simultaneous,동시의,,,,,,,,,,
stem,"유래하다, 막다, 줄기",,,,,,,,,,,,
subsequent,"이후의, 차후의",subsequently,그 후에,,,,,,,,,,
trick,"계략, 속임수, 속이다",,,,,,,,,,,,
unable,~할 수 없는,,,,,,,,,,,,
abstract,"추상적인, 개요, 추출하다",abstraction,추상,,,,,,,,,,
appoint,"임명하다, 지명하다",appointment,약속,,,,,,,,,,
archive,"기록 보관소, 기록 보관하다",archival,기록 보존의,,,,,,,,,,
astronomy,천문학,astronomical,천문학적인,astronomer,천문학자,astronaut,우주비행사,,,,,,
bill,"청구서, 법안, 청구하다",,,,,,,,,,,,
biodiversity,생물 다양성,,,,,,,,,,,,
conform,"따르다, 일치하다",conformity,순응,,,,,,,,,,
constitute,"구성하다, 제정하다",constitution,헌법,,,,,,,,,,
convey,"전달하다, 나르다",,,,,,,,,,,,
cotton,"면화, 솜, 면화로 만들다",,,,,,,,,,,,
criterion,"기준, 척도 (복수형 criteria)",,,,,,,,,,,,
debate,"토론, 토론하다",,,,,,,,,,,,
dining,"식사, 식사의",dine,식사하다,diner,식사하는 사람,dinner,"식사, 만찬",,,,,,
disperse,"흩어지다, 흩다",dispersal,"확산, 분산, 해산",dispenser,"자동 판매기, 디스펜서",,,,,,,,
distort,"왜곡하다, 일그러뜨리다",distortion,왜곡,,,,,,,,,,
elder,"연장자, 장로, 연로한, 고위의",elderly,노인의,,,,,,,,,,
empire,"제국, 왕국",emperor,황제,,,,,,,,,,
endure,"견디다, 참다",endurance,인내,,,,,,,,,,
enormous,"거대한, 막대한",,,,,,,,,,,,
fascinate,"매혹하다, 마음을 사로잡다",fascinating,매혹적인,fascination,"매혹, 매력",,,,,,,,
fault,"잘못, 결함, 비난하다",faulty,결함이 있는,,,,,,,,,,
foster,"촉진하다, 기르다, 위탁의",,,,,,,,,,,,
genius,"천재, 천재적인",,,,,,,,,,,,
grand,"웅장한, 주요한",,,,,,,,,,,,
grasp,"붙잡다, 이해하다, 이해",,,,,,,,,,,,
import,"수입, 수입품, 수입하다",,,,,,,,,,,,
induce,"유도하다, 설득하다",,,,,,,,,,,,
infer,추론하다,inference,"추론, 추정",,,,,,,,,,
infinite,무한한,finite,"한정된, 유한한",,,,,,,,,,
ingredient,"재료, 성분",,,,,,,,,,,,
innate,"타고난, 선천적인",innately,"선천적으로, 타고나서",,,,,,,,,,
intervene,"개입하다, 중재하다",intervention,개입,,,,,,,,,,
invade,"침략하다, 침입하다",,,,,,,,,,,,
irrelevant,"관련 없는, 부적절한",,,,,,,,,,,,
jam,"혼잡, 정체, 잼을 바르다",,,,,,,,,,,,
meanwhile,"그동안, 한편",,,,,,,,,,,,
messy,"지저분한, 엉망인",,,,,,,,,,,,
mode,"방식, 모드",,,,,,,,,,,,
molecule,분자,molecular,분자의,,,,,,,,,,
motion,"운동, 동작, 움직이다",motionless,움직이지 않는,,,,,,,,,,
neural,"신경의, 신경학의",neurological,신경학적인,neurology,신경학,neuroscience,신경과학,neuron,뉴런,,,,
permanent,"영구적인, 영속적인, 영구 불변",permanently,영구적으로,,,,,,,,,,
pitch,"음 높낮이, 투구, 던지다",pitcher,투수,,,,,,,,,,
polar,극지방의,polarization,양극화,pole,막대기,,,,,,,,
prominent,"두드러진, 현저한, 돌출 부분",,,,,,,,,,,,
qualify,"자격을 부여하다, 제한하다",qualified,자격 있는,qualification,자격,,,,,,,,
recipe,"조리법, 레시피",,,,,,,,,,,,
recreation,"오락, 취미활동",,,,,,,,,,,,
refine,"정제하다, 순화하다",,,,,,,,,,,,
route,"경로, 노선, 경로를 정하다",,,,,,,,,,,,
salient,"현저한, 중요한",,,,,,,,,,,,
scarce,"부족한, 드문",scarcity,부족,scarcely,"거의 ~않다, 간신히",,,,,,,,
self-regulate,자기 조절하다,self-fulfill,자기실현하다,self-interest,사리사욕,self-sufficiency,자급자족,self-justifying,자기정당화하는,self-made,자수성가의,self-monitoring,자기 점검
sigh,"한숨 쉬다, 한숨, 탄식",,,,,,,,,,,,
silk,"비단, 실크, 비단의",silky,부드러운,,,,,,,,,,
spin,"돌다, 회전하다, 회전",,,,,,,,,,,,
split,"쪼개다, 나누다, 분열된, 분할",,,,,,,,,,,,
stream,"시내, 흐름, 흐르다",,,,,,,,,,,,
strict,"엄격한, 엄숙한",strictly,엄격하게,,,,,,,,,,
substitute,"대체물, 대체하다",,,,,,,,,,,,
supermarket,"슈퍼마켓, 대형 할인점",,,,,,,,,,,,
tape,"테이프, 녹음하다, 접착하다",,,,,,,,,,,,
theoretical,이론적인,theoretically,이론적으로,,,,,,,,,,
thorough,"철저한, 완전한",thoroughly,철저히,,,,,,,,,,
trace,"흔적, 자취, 추적하다",,,,,,,,,,,,
transit,"수송, 교통",,,,,,,,,,,,
utility,"공공 설비, 실용성",utilization,활용,utilitarian,공리주의적인,utilize,활용하다,,,,,,
warn,"경고하다, 주의를 주다",warning,경고,,,,,,,,,,
wet,"젖은, 적시다, 습지",wetland,습지,,,,,,,,,,
advocate,"옹호하다, 옹호자",advocacy,옹호,,,,,,,,,,
afford,"여유가 있다, 제공하다",affordable,감당할 수 있는,affordability,감당할 수 있음,affordance,가능성,,,,,,
aggressive,"공격적인, 적극적인",aggressively,공격적으로,,,,,,,,,,
aside,"옆에, 곁에, 여담",,,,,,,,,,,,
authentic,"진품의, 진정한",authenticity,"진품, 진정성",authenticate,"인증하다, 입증하다",,,,,,,,
bound,"~할 것 같은, 튀어 오르다, 경계",bounce,"튀다, 반사하다, 튐",,,,,,,,,,
burst,"터지다, 붕괴하다, 급증",,,,,,,,,,,,
button,"단추, 버튼, 단추를 채우다",,,,,,,,,,,,
caterpillar,애벌레,,,,,,,,,,,,
cautious,"신중한, 조심스러운",cautiously,조심스럽게,caution,주의,,,,,,,,
compliment,"칭찬, 칭찬하다",,,,,,,,,,,,
confront,"직면하다, 대면하다",confrontation,"대치, 대결",,,,,,,,,,
cope,"대처하다, 잘 해내다",,,,,,,,,,,,
corner,"모서리, 구석",,,,,,,,,,,,
cure,"치료하다, 고치다, 치료법",,,,,,,,,,,,
eager,"열망하는, 간절히 바라는",eagerly,열심히,,,,,,,,,,
empirical,"경험적인, 실증적인",,,,,,,,,,,,
fabric,"직물, 천",fabricate,조작하다,,,,,,,,,,
fate,운명,fatal,치명적인,,,,,,,,,,
genre,"장르, 유형",,,,,,,,,,,,
geology,지질학,geological,지질학의,geologist,지질학자,,,,,,,,
gloomy,"우울한, 음울한",,,,,,,,,,,,
guess,"추측하다, 짐작하다, 추측",,,,,,,,,,,,
gym,"체육관, 체육관의",gymnasium,체육관,gymnastics,체조,,,,,,,,
hang,"걸다, 매달다",,,,,,,,,,,,
improvise,즉흥적으로 하다,improvisation,"즉흥 연주, 즉흥",improvisatory,즉흥의,,,,,,,,
inactive,"활동하지 않는, 비활성의",inactivity,무활동,inaction,태만,,,,,,,,
incident,"사건, 사고",incidental,"우발적인, 부수적인",,,,,,,,,,
input,"입력, 투입, 입력하다",,,,,,,,,,,,
inquiry,"문의, 조사",inquire,문의하다,,,,,,,,,,
insurance,"보험, 보험을 들다",,,,,,,,,,,,
maize,옥수수,,,,,,,,,,,,
melt,"녹다, 녹이다",,,,,,,,,,,,
mine,"광산, 채굴하다",miner,광부,,,,,,,,,,
obstacle,"장애물, 방해물",,,,,,,,,,,,
orient,"방향을 맞추다, 적응시키다, 동양",orientation,"방향 설정, 적응 교육",,,,,,,,,,
peak,"정상, 최고점, 최고조에 달하다, 최고의",,,,,,,,,,,,
permit,"허락하다, 허가증",permission,허가,,,,,,,,,,
phase,"단계, 국면, 단계적으로 실시하다",,,,,,,,,,,,
pianist,피아니스트,,,,,,,,,,,,
pilot,"조종사, 시험 운전하다",,,,,,,,,,,,
pot,"냄비, 화분, 화분에 심다",,,,,,,,,,,,
prejudice,"편견, 선입견, 편견을 갖게 하다",,,,,,,,,,,,
pride,"자부심, 긍지, 자랑스러워하다",,,,,,,,,,,,
pump,"펌프, 펌프질하다",,,,,,,,,,,,
purely,순전히,,,,,,,,,,,,
refund,"환불, 환불하다",,,,,,,,,,,,
retrieve,"되찾다, 회수하다",retrieval,회수,retrievability,"복구 가능성, 회복력",,,,,,,,
rid,"제거하다, 없애다",,,,,,,,,,,,
rival,"경쟁자, 경쟁하다, 경쟁적인",rivalry,경쟁,,,,,,,,,,
rush,"돌진하다, 급히 움직이다, 돌진, 붐빔",,,,,,,,,,,,
section,"부분, 구역, 분할하다",,,,,,,,,,,,
snow,"눈, 눈이 내리다",snowy,눈이 오는,snowball,눈덩이,snowboard,스노보드,snowstorm,눈보라,,,,
soft,"부드러운, 부드럽게, 말랑함",softly,부드럽게,softball,소프트볼,,,,,,,,
solar,"태양의, 태양광",,,,,,,,,,,,
spectacular,"장관인, 화려한",spectator,"관중, 관객",,,,,,,,,,
starvation,"기아, 굶주림",,,,,,,,,,,,
static,"정적인, 고정된, 잡음",,,,,,,,,,,,
string,"끈, 실, 끼우다",,,,,,,,,,,,
transfer,"옮기다, 전학 가다, 이전, 환승",,,,,,,,,,,,
trap,"함정, 덫, 가두다",trapped,갇힌,,,,,,,,,,
tremendous,"엄청난, 대단한",tremendously,"엄청나게, 대단히",,,,,,,,,,
tube,"관, 튜브, 지하철",,,,,,,,,,,,
unnecessary,불필요한,,,,,,,,,,,,
venture,"모험 사업, 벤처, 모험하다",,,,,,,,,,,,
weave,"짜다, 엮다, 직조",,,,,,,,,,,,
weed,"잡초, 제초하다",,,,,,,,,,,,
wire,"전선, 철사, 전선을 연결하다",wireless,무선의,wirelessly,무선으로,,,,,,,,
accompany,"동반하다, 함께 가다",,,,,,,,,,,,
admission,"입장, 입학 허가",,,,,,,,,,,,
aggregate,"합계, 집계하다, 총~",aggregation,종합,,,,,,,,,,
alike,"비슷한, 비슷하게",,,,,,,,,,,,
allocate,"할당하다, 배분하다",allocation,할당,,,,,,,,,,
averse,"싫어하는, 혐오하는",aversion,혐오,,,,,,,,,,
barn,헛간,,,,,,,,,,,,
bet,"내기하다, 단언하다, 내기",,,,,,,,,,,,
beverage,음료,,,,,,,,,,,,
binary,"둘의, 이진법의",bilateral,"양측의, 쌍무적인",bilingual,이중 언어의,binoculars,쌍안경,,,,,,
bind,"묶다, 제본하다, 제본",,,,,,,,,,,,
bite,"물다, 한 입, 물기",,,,,,,,,,,,
calculate,"계산하다, 추정하다",calculation,계산,calculator,계산기,calculus,미적분학,,,,,,
cast,"던지다, 배역을 맡기다, 출연진, 깁스",,,,,,,,,,,,
conceal,"숨기다, 감추다",,,,,,,,,,,,
congratulation,"축하, 경사",,,,,,,,,,,,
consensus,"합의, 의견 일치",consent,동의,,,,,,,,,,
cry,"외치다, 울다, 외침, 울음",,,,,,,,,,,,
distant,"먼, 거리가 먼",,,,,,,,,,,,
empathy,공감,empathic,공감하는,empathize,공감하다,empathetic,공감하는,,,,,,
entail,"수반하다, 초래하다",,,,,,,,,,,,
exert,"행사하다, 발휘하다",,,,,,,,,,,,
file,"파일, 서류, 제출하다, 정리하다",,,,,,,,,,,,
forth,"앞으로, 계속해서",,,,,,,,,,,,
gentle,"온화한, 부드러운",gently,부드럽게,,,,,,,,,,
glow,"빛나다, 은은히 빛나다, 빛",,,,,,,,,,,,
greet,"맞이하다, 인사하다",,,,,,,,,,,,
guard,"경비, 보초, 보호하다, 지키다",guardian,수호자,,,,,,,,,,
heritage,"유산, 전통",,,,,,,,,,,,
honor,"명예, 영예, 존중하다",,,,,,,,,,,,
immune,면역의,,,,,,,,,,,,
incorporate,"통합하다, 포함하다",,,,,,,,,,,,
indigenous,"토착의, 원주민의",,,,,,,,,,,,
infant,"유아, 유아의",infancy,유아기,,,,,,,,,,
inferior,"열등한, 하급자",inferiority,열등감,,,,,,,,,,
inflation,"인플레이션, 물가 상승",,,,,,,,,,,,
kin,"친족, 친족의",,,,,,,,,,,,
knight,"기사, 기사 작위를 수여하다",,,,,,,,,,,,
lever,"지렛대, 지렛대 역할을 하다",leverage,"지렛대, 영향력, 활용하다",,,,,,,,,,
linguistic,"언어의, 언어학의",linguist,언어학자,,,,,,,,,,
mankind,인류,man-made,"인공의, 인위적인",,,,,,,,,,
melody,"멜로디, 선율",melodic,"선율의, 음악적인",,,,,,,,,,
microwave,"전자레인지, 전자레인지로 돌리다",,,,,,,,,,,,
mineral,"광물, 광물의",,,,,,,,,,,,
monumental,"기념비적인, 엄청난",monument,"기념비, 기념물",monumentality,기념비성,,,,,,,,
neither,"어느 것도 아니다, ~도 아니다",,,,,,,,,,,,
nuclear,"핵의, 원자력의",,,,,,,,,,,,
oxygen,산소,,,,,,,,,,,,
pacific,"평화로운, 태평양",,,,,,,,,,,,
paradox,"역설, 모순",paradoxical,역설적인,paradoxically,역설적으로,,,,,,,,
particle,입자,,,,,,,,,,,,
pound,"파운드, 영국 화폐, 치다, 때리다",,,,,,,,,,,,
remote,"외딴, 원격의, 멀리서",,,,,,,,,,,,
reverse,"거꾸로 하다, 뒤집다, 역, 후진, 반대의",reversal,반전,,,,,,,,,,
scream,"비명을 지르다, 비명",,,,,,,,,,,,
script,"대본, 필기체, 대본을 쓰다",,,,,,,,,,,,
sculpture,"조각품, 조각하다",,,,,,,,,,,,
shell,"껍데기, 포탄, 껍질을 벗기다, 포격하다",,,,,,,,,,,,
smooth,"매끄러운, 부드러운, 부드럽게 하다",smoothly,부드럽게,,,,,,,,,,
steady,"안정된, 꾸준한, 고정시키다",steadily,꾸준히,,,,,,,,,,
stereotype,"정형화된 관념, 고정관념을 형성하다",,,,,,,,,,,,
stretch,"뻗다, 늘리다, 구간, 범위",,,,,,,,,,,,
subordinate,"하위의, 종속적인, 부하, 하급자",,,,,,,,,,,,
suppress,"억압하다, 숨기다",,,,,,,,,,,,
sweat,"땀 흘리다, 땀",sweaty,땀에 젖은,,,,,,,,,,
tower,"탑, 고층 건물",,,,,,,,,,,,
trail,"자국, 오솔길, 끌다, 뒤를 밟다",trailer,트레일러,,,,,,,,,,
tropical,열대의,,,,,,,,,,,,
twist,"비틀다, 꼬다, 반전",twisted,비뚤어진,,,,,,,,,,
unpleasant,불쾌한,unpleasantness,불쾌감,,,,,,,,,,
urgent,"긴급한, 절박한",,,,,,,,,,,,
wage,"임금, 일당, (전쟁 등을) 벌이다",,,,,,,,,,,,
wander,"떠돌다, 산책하다",,,,,,,,,,,,
ambitious,"야심 있는, 열망하는",ambition,"야망, 포부",,,,,,,,,,
analogy,"유추, 비유",analogous,유사한,,,,,,,,,,
attain,"달성하다, 이루다",,,,,,,,,,,,
awesome,"굉장한, 멋진",awe,경외,,,,,,,,,,
bacteria,"박테리아, 세균 (복수형)",,,,,,,,,,,,
balloon,"풍선, 부풀다",,,,,,,,,,,,
battery,"배터리, 폭행죄",,,,,,,,,,,,
beast,"야수, 짐승",,,,,,,,,,,,
bowl,"그릇, 사발, (볼링에서) 공을 굴리다",,,,,,,,,,,,
brief,"간결한, 짧은, 간략 보고, 간단히 설명하다",briefly,잠시,,,,,,,,,,
clay,점토,,,,,,,,,,,,
confine,"제한하다, 가두다",,,,,,,,,,,,
coworker,"동료, 직장 동료",,,,,,,,,,,,
decorate,장식하다,decoration,장식,,,,,,,,,,
deserve,~할 만하다,,,,,,,,,,,,
deviate,"벗어나다, 일탈하다",deviance,"일탈, 탈선",deviation,"편차, 일탈",,,,,,,,
dimension,"차원, 규모",,,,,,,,,,,,
disclose,"밝혀내다, 공개하다",disclosure,"공개, 폭로",,,,,,,,,,
discriminate,"차별하다, 구별하다",,,,,,,,,,,,
dish,"접시, 요리, 접시에 담다",dishwasher,식기 세척기,,,,,,,,,,
distress,"고통, 곤란, 괴롭히다",,,,,,,,,,,,
drug,"약, 마약, 약을 투여하다",,,,,,,,,,,,
embody,"구체화하다, 구현하다",,,,,,,,,,,,
explicit,"명백한, 분명한",explicitly,명확히,,,,,,,,,,
fatigue,"피로, 피곤",,,,,,,,,,,,
federal,연방의,,,,,,,,,,,,
fellow,"동료, 동료의",fellowship,동료애,,,,,,,,,,
fool,"바보, 속이다",foolish,어리석은,,,,,,,,,,
forage,"먹이를 찾다, 찾아다니다, 먹이",forager,채집가,foray,진출,,,,,,,,
fund,"기금, 자금, 자금을 대다",funding,자금 조달,fundraise,모금하다,,,,,,,,
gesture,"몸짓, 제스처",,,,,,,,,,,,
hug,"포옹하다, 포옹",,,,,,,,,,,,
hungry,배고픈,,,,,,,,,,,,
indoor,"실내의, 실내용의, 실내에서",,,,,,,,,,,,
infrastructure,"기반 시설, 인프라",,,,,,,,,,,,
initiate,"시작하다, 개시하다, 신입 회원",initiative,"주도권, 계획안",,,,,,,,,,
intake,"섭취량, 섭취하다",,,,,,,,,,,,
intricate,"복잡한, 뒤얽힌",intricacy,"복잡함, 얽힘",,,,,,,,,,
kite,연,,,,,,,,,,,,
knock,"노크하다, 두드리다, 노크",,,,,,,,,,,,
leak,"새다, 누출하다, 누출",leakage,"누출, 유출",,,,,,,,,,
liberate,"해방하다, 자유롭게 하다",liberalization,자유화,liberty,자유,,,,,,,,
license,"면허증, 허가, 허가하다",licensed,허가된,,,,,,,,,,
lift,"들어올리다, 승강기",,,,,,,,,,,,
load,"짐, 하중, 싣다",,,,,,,,,,,,
loan,"대출금, 돈을 빌려주다",,,,,,,,,,,,
loose,"헐거운, 느슨한, 풀다",,,,,,,,,,,,
mail,"우편, 소식",,,,,,,,,,,,
mandate,"명령, 권한, 명령하다",mandatory,"의무적인, 강제적인",,,,,,,,,,
manual,"수작업의, 사용 설명서",manually,수동으로,,,,,,,,,,
margin,"여백, 가장자리, (이익 등의) 차이",,,,,,,,,,,,
mention,"언급하다, 언급",,,,,,,,,,,,
metabolism,신진대사,metabolic,"신진대사의, 대사 작용의",,,,,,,,,,
mythical,신화적인,mythology,"신화, 신화학",,,,,,,,,,
neglect,"방치하다, 무시",negligence,태만,negligible,무시할 만한,,,,,,,,
opponent,"상대방, 반대의",,,,,,,,,,,,
organ,"기관, 장기",,,,,,,,,,,,
paralyze,"마비시키다, 무력하게 하다",,,,,,,,,,,,
parental,"부모의, 부계의",,,,,,,,,,,,
pause,"일시 중지, 멈춤, 잠시 멈추다",,,,,,,,,,,,
pioneer,"선구자, 개척자, 개척하다, 선도하다",,,,,,,,,,,,
pocket,"주머니, (이익·돈 등을) 챙기다",,,,,,,,,,,,
pony,조랑말,,,,,,,,,,,,
pronounce,"발음하다, 선언하다",pronunciation,발음,,,,,,,,,,
pupil,"학생, 제자, 동공, 눈동자",,,,,,,,,,,,
quit,"그만두다, 떠나다",,,,,,,,,,,,
recital,"독주회, 개인 발표회",recite,암송하다,,,,,,,,,,
reform,"개혁, 개혁하다",,,,,,,,,,,,
sack,"자루, 부대, 약탈하다, 해고하다",,,,,,,,,,,,
sarcasm,"빈정거림, 풍자",sarcastic,"빈정대는, 냉소적인",,,,,,,,,,
scent,"향기, 냄새, 냄새를 맡다",,,,,,,,,,,,
screw,"나사, 나사로 조이다, 속이다",,,,,,,,,,,,
seldom,좀처럼 ~않는,,,,,,,,,,,,
sketch,"스케치, 개요, 스케치하다, 묘사하다",,,,,,,,,,,,
soar,"급증하다, 치솟다, (새가) 높이 날다",,,,,,,,,,,,
so-called,"소위 불리는, 이른바",,,,,,,,,,,,
spark,"불꽃, 활기, 촉발하다, 불꽃을 일으키다",sparkle,반짝이다,,,,,,,,,,
spatial,"공간의, 공간적인",spatially,공간적으로,,,,,,,,,,
spoil,"망치다, 상하게 하다",spoiled,망가진,spoilage,부패,,,,,,,,
squeeze,"짜다, 압착하다, 압착",,,,,,,,,,,,
tempo,"템포, 속도",,,,,,,,,,,,
terrific,"훌륭한, 멋진, 엄청난",,,,,,,,,,,,
thin,"얇은, 가는, (액체를) 묽게 하다",,,,,,,,,,,,
tough,"힘든, 거친",,,,,,,,,,,,
treasure,"보물, 소중히 여기다",,,,,,,,,,,,
trigger,"방아쇠, 계기, 촉발하다",,,,,,,,,,,,
unfamiliar,"낯선, 익숙하지 않은",,,,,,,,,,,,
urge,"재촉하다, 충동하다, 충동, 욕구",urgent,긴급한,urgency,긴급성,,,,,,,,
vague,"모호한, 애매한",vaguely,"애매하게, 모호하게",,,,,,,,,,
victim,"희생자, 피해자",,,,,,,,,,,,
virtue,"미덕, 장점",virtuous,덕이 있는,virtuoso,"명인, 거장",,,,,,,,
admit,"인정하다, 허락하다",admission,"입장, 입학",,,,,,,,,,
algorithm,알고리즘,,,,,,,,,,,,
aristocrat,귀족,aristocracy,"귀족, 귀족 정치",,,,,,,,,,
asthma,천식,,,,,,,,,,,,
baker,제빵사,,,,,,,,,,,,
batter,"반죽, 타자, 두드리다, 강타하다",,,,,,,,,,,,
bench,"벤치, 긴 의자",,,,,,,,,,,,
bend,"구부리다, 굽히다, 굴곡",,,,,,,,,,,,
beneath,"~아래에, 아래에",,,,,,,,,,,,
blow,"불다, 때리다, 타격, 강타",,,,,,,,,,,,
botanical,"식물의, 식물학의",botanic,식물의,botanist,식물학자,,,,,,,,
chaos,"혼돈, 무질서",chaotic,혼란스러운,,,,,,,,,,
chase,"쫓다, 추격하다, 추격",,,,,,,,,,,,
clan,"씨족, 집단",,,,,,,,,,,,
collaboration,"협력, 공동 작업",,,,,,,,,,,,
command,"명령, 지시, 명령하다",commander,지휘관,,,,,,,,,,
compel,"강요하다, ~하게 만들다",compelling,설득력 있는,,,,,,,,,,
concrete,"구체적인, 콘크리트",,,,,,,,,,,,
contagion,"전염병, 전염",contagious,전염성의,,,,,,,,,,
contradictory,모순되는,contradiction,모순,,,,,,,,,,
crash,"충돌하다, 몰락하다, 추락, 충돌",,,,,,,,,,,,
debt,"빚, 부채",,,,,,,,,,,,
deprive,"빼앗다, 박탈하다",deprivation,"박탈, 결핍",,,,,,,,,,
disapprove,"반대하다, 승인하지 않다",,,,,,,,,,,,
dozen,"12개,12개의",,,,,,,,,,,,
duty,"의무, 세금",,,,,,,,,,,,
elsewhere,다른 곳에,,,,,,,,,,,,
enlightened,"계몽된, 진보적인",,,,,,,,,,,,
enrich,"풍부하게 하다, 강화하다",,,,,,,,,,,,
enterprise,"기업, 사업",,,,,,,,,,,,
enthusiasm,"열광, 열정",enthusiastic,열광적인,enthusiastically,열광적으로,,,,,,,,
evaporate,"증발하다, 사라지다",evaporation,증발,,,,,,,,,,
excuse,"용서하다, 변명, 핑계",,,,,,,,,,,,
extract,"추출하다, 추출물",extraction,추출,,,,,,,,,,
faith,"믿음, 신념",faithfully,충실히,,,,,,,,,,
fragment,"파편, 조각",fragmentary,"단편적인, 부분적인",fragmentation,파편화,,,,,,,,
glance,"흘끗 보다, 흘끗 봄",,,,,,,,,,,,
gravity,"중력, 진지함",gravitational,중력의,,,,,,,,,,
harsh,"가혹한, 냉혹한",,,,,,,,,,,,
harvest,"수확, 수확하다",,,,,,,,,,,,
hazard,"위험, 장애",hazardous,위험한,,,,,,,,,,
hierarchy,"계층, 위계",hierarchical,계층적인,,,,,,,,,,
hint,"암시, 힌트, 암시하다",,,,,,,,,,,,
hire,"고용하다, 임대",,,,,,,,,,,,
implement,"도구, 실행하다",,,,,,,,,,,,
incline,"기울이다, 경사",inclination,경향,inclined,경향이 있는,,,,,,,,
indirect,"간접적인, 우회적인",indirectly,"간접적으로, 우회하여",,,,,,,,,,
inefficient,비효율적인,inefficiency,비효율성,inefficiently,비효율적으로,,,,,,,,
insist,"주장하다, 고집하다",,,,,,,,,,,,
invisible,보이지 않는,,,,,,,,,,,,
mammal,포유류,,,,,,,,,,,,
merit,"장점, 가치, ~할 만하다",,,,,,,,,,,,
mood,"기분, 분위기",,,,,,,,,,,,
moth,나방,,,,,,,,,,,,
mutation,"돌연변이, 변형",,,,,,,,,,,,
niche,"틈새 시장, 적소, 꼭 맞는",,,,,,,,,,,,
nursery,"묘목장, 보육원",,,,,,,,,,,,
oblige,"강요하다, 의무를 지우다",obligation,의무,,,,,,,,,,
outweigh,"~보다 중요하다, 능가하다",outperform,"능가하다, 뛰어나다",,,,,,,,,,
owe,"빚지다, ~덕분이다",,,,,,,,,,,,
palm,"손바닥, 손에 숨기다",,,,,,,,,,,,
patch,"조각, 작은 구역, 수선하다",,,,,,,,,,,,
permafrost,영구 동토층,,,,,,,,,,,,
pour,"붓다, 쏟다",,,,,,,,,,,,
poverty,"가난, 빈곤",,,,,,,,,,,,
precious,"소중한, 귀중한",,,,,,,,,,,,
probe,"탐사, 탐침, 조사하다",,,,,,,,,,,,
profound,"깊은, 심오한",profoundly,깊이,,,,,,,,,,
prospect,"전망, 가능성",prospective,예상되는,,,,,,,,,,
ratio,비율,,,,,,,,,,,,
raw,"날것의, 가공하지 않은",,,,,,,,,,,,
realm,"영역, 분야, 왕국",,,,,,,,,,,,
reluctant,"꺼리는, 마지못해 하는",reluctance,내키지 않음,reluctantly,마지못해,,,,,,,,
render,"제공하다, 만들다",,,,,,,,,,,,
retire,"은퇴하다, 은퇴자",retirement,은퇴,,,,,,,,,,
revise,"수정하다, 개정하다",,,,,,,,,,,,
savanna,"사바나, 대초원",,,,,,,,,,,,
scan,"조사하다, 스캔하다",,,,,,,,,,,,
scatter,"흩뿌리다, 분산시키다",scattered,흩어진,,,,,,,,,,
schema,"도식, 개념 틀",schematic,"개략적인, 도식적인, 도식",,,,,,,,,,
selfie,셀카,,,,,,,,,,,,
seminar,"세미나, 연구 모임",,,,,,,,,,,,
shine,"빛나다, 번쩍이다",,,,,,,,,,,,
signature,"서명, 특징",,,,,,,,,,,,
silver,"은, 은색, 은의, 은도금하다",,,,,,,,,,,,
slope,"경사면, 경사지다",,,,,,,,,,,,
soak,"담그다, 흠뻑 적시다",,,,,,,,,,,,
software,소프트웨어,,,,,,,,,,,,
sophisticated,"정교한, 세련된",sophistication,세련됨,,,,,,,,,,
spell,"철자하다, 철자법",spelling,철자법,,,,,,,,,,
squirrel,다람쥐,,,,,,,,,,,,
stare,"응시하다, 응시",,,,,,,,,,,,
storage,"저장, 저장하다",,,,,,,,,,,,
storm,"폭풍, 폭풍이 오다",stormy,폭풍우 치는,,,,,,,,,,
subconscious,"잠재의식, 잠재의식의",subconsciously,무의식적으로,,,,,,,,,,
tap,"가볍게 두드리다, 수도꼭지",,,,,,,,,,,,
tomb,무덤,,,,,,,,,,,,
tone,"음색, 어조, 조율하다",tonal,음조의,,,,,,,,,,
trajectory,"궤적, 탄도",,,,,,,,,,,,
upper,"위쪽의, 상위 계층",,,,,,,,,,,,
valley,계곡,,,,,,,,,,,,
versus,"~대, ~대(對)",,,,,,,,,,,,
vibration,"진동, 떨림",vibrate,진동하다,,,,,,,,,,
wheel,"바퀴, 돌리다",wheelchair,휠체어,,,,,,,,,,
zone,"구역, 지대",,,,,,,,,,,,
adequate,"적절한, 충분한",adequately,적절하게,inadequately,부적절하게,,,,,,,,
alcohol,"알코올, 술",alcoholic,알코올의,,,,,,,,,,
alert,"경계하는, 경보를 울리다, 경보",alertness,경계심,,,,,,,,,,
alienate,"소외시키다, 멀어지게 하다",alienation,"소외감, 격리",,,,,,,,,,
alive,살아 있는,,,,,,,,,,,,
allergic,알레르기가 있는,allergy,알레르기,,,,,,,,,,
altruism,이타주의,altruistic,이타적인,,,,,,,,,,
analog,"아날로그의, 유사체",,,,,,,,,,,,
arctic,"북극의, 북극 지방",antarctic,남극의,,,,,,,,,,
bark,"짖다, 나무 껍질",,,,,,,,,,,,
blank,"공백의, 텅 빈, 공백",,,,,,,,,,,,
blend,"섞다, 조화되다, 혼합",,,,,,,,,,,,
blessing,"축복, 은총",,,,,,,,,,,,
border,"경계, 국경, 경계가 되다",,,,,,,,,,,,
burden,"부담, 짐, 부담을 지우다",,,,,,,,,,,,
cage,"우리, 새장, 가두다",,,,,,,,,,,,
carve,"조각하다, 새기다",,,,,,,,,,,,
ceremony,"의식, 행사",ceremonial,"의식의, 예식의",,,,,,,,,,
channel,"채널, 수로, 전달하다",,,,,,,,,,,,
chef,"주방장, 셰프",,,,,,,,,,,,
cherish,"소중히 여기다, 아끼다",,,,,,,,,,,,
chip,"칩, 조각, 깎다, 부스러지다",,,,,,,,,,,,
coexist,공존하다,coexistence,공존,,,,,,,,,,
coherent,"일관성 있는, 조리 있는",cohesion,응집력,,,,,,,,,,
coincide,"동시에 발생하다, 일치하다",coincidence,"우연의 일치, 동시 발생",,,,,,,,,,
comic,"희극의, 우스운, 만화",,,,,,,,,,,,
compromise,"타협, 절충, 타협하다, 양보하다",,,,,,,,,,,,
congratulate,축하하다,congratulation,축하,,,,,,,,,,
contour,"윤곽, 등고선, 윤곽을 그리다",,,,,,,,,,,,
coral,"산호, 산호초, 산호의",,,,,,,,,,,,
council,"의회, 협의회",,,,,,,,,,,,
crew,"승무원, 팀",,,,,,,,,,,,
crude,"조잡한, 원유의",,,,,,,,,,,,
cuisine,"요리, 음식 문화",culinary,"요리의, 조리의",,,,,,,,,,
curriculum,"교육과정, 교과 과정",,,,,,,,,,,,
deaf,"귀먹은, 청각 장애의",,,,,,,,,,,,
dedicate,"바치다, 헌신하다",dedicated,헌신적인,dedication,헌신,,,,,,,,
deterioration,"악화, 저하",deteriorate,악화되다,,,,,,,,,,
dictionary,사전,,,,,,,,,,,,
discharge,"방출하다, 해고하다, 해방, 방전",,,,,,,,,,,,
disregard,"무시하다, 간과하다, 무시",,,,,,,,,,,,
dive,"잠수하다, 뛰어들다, 다이빙",diver,잠수부,diving,다이빙,,,,,,,,
drag,"끌다, 끌고 가다, 끌기",,,,,,,,,,,,
dual,"이중의, 이원적인",,,,,,,,,,,,
eclipse,"식, 가림 현상, 빛을 가리다, 무색하게 하다",,,,,,,,,,,,
elevate,"높이다, 상승시키다",elevation,"고도, 승격",elevator,엘리베이터,,,,,,,,
entitle,자격을 부여하다,entitlement,"권리, 자격",,,,,,,,,,
evoke,"불러일으키다, 환기시키다",,,,,,,,,,,,
exaggerate,과장하다,exaggeration,과장,,,,,,,,,,
explosive,"폭발성의, 폭발물",explosion,폭발,,,,,,,,,,
extinction,"멸종, 소멸",,,,,,,,,,,,
extraordinary,"비범한, 특별한",,,,,,,,,,,,
fade,"사라지다, 희미해지다, 퇴색",,,,,,,,,,,,
fertilizer,비료,,,,,,,,,,,,
fisherman,어부,fishery,"수산업, 어장",,,,,,,,,,
forbid,금지하다,,,,,,,,,,,,
forever,영원히,,,,,,,,,,,,
fortune,"운, 행운, 재산",fortunately,다행히,,,,,,,,,,
fulfill,"이행하다, 충족시키다",,,,,,,,,,,,
garbage,쓰레기,,,,,,,,,,,,
gear,"장비, 기어, 맞추다",,,,,,,,,,,,
genuine,"진짜의, 진품의",genuinely,진실되게,,,,,,,,,,
geometric,"기하학의, 기하학적인",geometrical,기하학적인(격식체),,,,,,,,,,
hate,"싫어하다, 혐오하다, 증오",hatred,증오,,,,,,,,,,
hostile,"적대적인, 비우호적인",hostility,적대감,,,,,,,,,,
hunger,"배고픔, 굶주림",,,,,,,,,,,,
imperfect,"불완전한, 미흡한",,,,,,,,,,,,
inseparable,"떼어낼 수 없는, 불가분의",,,,,,,,,,,,
intermediate,"중간의, 중급자",intermediary,"중개자, 매개자, 중간의",,,,,,,,,,
introvert,내향적인 사람,,,,,,,,,,,,
legislation,"법률 제정, 입법",,,,,,,,,,,,
lobby,"로비, 로비 활동, 로비 활동을 하다",,,,,,,,,,,,
locust,메뚜기,,,,,,,,,,,,
loyalty,충성심,,,,,,,,,,,,
manifest,"분명한, 명백한",manifestation,징후,,,,,,,,,,
mason,석공,,,,,,,,,,,,
meadow,"초원, 목초지",,,,,,,,,,,,
mercury,수은,,,,,,,,,,,,
mission,"임무, 사명",,,,,,,,,,,,
monotonous,"단조로운, 지루한",monotony,단조로움,monoculture,단일 재배,,,,,,,,
nectar,"꿀샘, 꽃즙",,,,,,,,,,,,
nurture,"양육하다, 기르다, 양육",,,,,,,,,,,,
pant,"헐떡이다, 헐떡거림",,,,,,,,,,,,
passive,"수동적인, 소극적인",passively,수동적으로,passivity,수동성,,,,,,,,
pasture,"목초지, 목장",,,,,,,,,,,,
pine,"그리워하다, 소나무",,,,,,,,,,,,
pity,"동정, 유감",,,,,,,,,,,,
plain,"평범한, 소박한, 명백한",plainly,분명히,,,,,,,,,,
pop,"대중음악, 뻥 터뜨리다",,,,,,,,,,,,
pope,교황,,,,,,,,,,,,
president,대통령,,,,,,,,,,,,
privilege,"특권, 특전",privileged,특권을 가진,,,,,,,,,,
punishment,"처벌, 형벌",,,,,,,,,,,,
railroad,철도,,,,,,,,,,,,
ray,광선,,,,,,,,,,,,
refresh,"새롭게 하다, 상쾌하게 하다",refreshment,"다과, 간식, 원기 회복",,,,,,,,,,
refuge,"피난처, 은신처",refugee,난민,,,,,,,,,,
repertoire,"연주목록, 레퍼토리",,,,,,,,,,,,
reschedule,"재조정하다, 일정 변경하다",,,,,,,,,,,,
resemble,"닮다, 유사하다",resemblance,닮음,,,,,,,,,,
resent,"분개하다, 분노를 느끼다",resentment,분개,,,,,,,,,,
satellite,"위성, 위성의",,,,,,,,,,,,
seal,"물개; 도장, 봉인, 봉인하다",sealed,밀봉된,,,,,,,,,,
secondary,"부차적인, 이차의",secondhand,중고의,,,,,,,,,,
sensation,"감각, 센세이션",sensational,"선풍적인, 선정적인",,,,,,,,,,
shore,"해안, 해변",,,,,,,,,,,,
soldier,군인,,,,,,,,,,,,
sour,"신맛 나는, 언짢은",sourness,신맛,,,,,,,,,,
spare,"여분의, 절약하다",,,,,,,,,,,,
spite,"악의, 원한",,,,,,,,,,,,
square,"광장, 사각형의",,,,,,,,,,,,
stair,계단,,,,,,,,,,,,
steal,훔치다,,,,,,,,,,,,
strive,"노력하다, 분투하다",,,,,,,,,,,,
stroke,"뇌졸중, 타격, 쓰다듬다",,,,,,,,,,,,
stuff,"물건, 것들, 채우다",,,,,,,,,,,,
subscribe,"구독하다, 신청하다",,,,,,,,,,,,
sunset,"일몰, 해넘이, 해질녘의",,,,,,,,,,,,
suspend,"매달다, 중단하다",suspension,"중단, 정지",,,,,,,,,,
tank,"탱크, 전차",,,,,,,,,,,,
transaction,"거래, 업무",,,,,,,,,,,,
tuition,"수업료, 학비",,,,,,,,,,,,
unconscious,"무의식적인, 무의식",unconsciously,무의식적으로,,,,,,,,,,
uncover,"밝히다, 드러내다",,,,,,,,,,,,
unhurriedly,"천천히, 여유 있게",unhurried,"느긋한, 서두르지 않는",,,,,,,,,,
update,"갱신하다, 최신 정보를 제공하다, 갱신, 업데이트",,,,,,,,,,,,
upload,업로드하다,,,,,,,,,,,,
usage,"사용법, 용법",,,,,,,,,,,,
vigorous,"활발한, 격렬한",vigor,"활력, 기력",,,,,,,,,,
vivid,"생생한, 선명한",vividly,생생하게,,,,,,,,,,
wax,"밀랍, 증대하다",,,,,,,,,,,,
wheat,밀,,,,,,,,,,,,
wrap,"감싸다, 포장하다, 포장재",,,,,,,,,,,,
absurd,"터무니없는, 부조리한",,,,,,,,,,,,
accelerate,"가속하다, 촉진하다",acceleration,가속,accelerator,가속기,,,,,,,,
acoustic,"음향의, 음향 장치",,,,,,,,,,,,
adolescent,"청소년의, 청소년",adolescence,청소년기,,,,,,,,,,
affair,"사건, 일",,,,,,,,,,,,
aisle,"통로, 복도",,,,,,,,,,,,
amateur,"아마추어, 비전문가의",,,,,,,,,,,,
angle,"각도, 관점, 각도를 달리하다",,,,,,,,,,,,
approve,"승인하다, 찬성하다",approval,승인,,,,,,,,,,
arouse,"불러일으키다, 자극하다",arousal,"각성, 흥분",,,,,,,,,,
assert,주장하다,assertive,"단호한, 적극적인",assertion,주장,assertiveness,단호함,,,,,,
atom,원자,,,,,,,,,,,,
ballet,발레,,,,,,,,,,,,
bargain,"특가 상품, 흥정, 흥정하다",,,,,,,,,,,,
brood,"새끼, 고민, 곰곰이 생각하다, 품다",,,,,,,,,,,,
browse,"둘러보다, 탐색하다",,,,,,,,,,,,
bury,"묻다, 매장하다",,,,,,,,,,,,
canal,"운하, 수로",,,,,,,,,,,,
certificate,"증명서, 자격증, 증명하다",certification,인증,,,,,,,,,,
chronological,연대순의,,,,,,,,,,,,
cite,"인용하다, 언급하다",,,,,,,,,,,,
coercion,"강요, 강제",,,,,,,,,,,,
commodity,"상품, 필수품",,,,,,,,,,,,
commute,"통근하다, 통근",commuter,통근자,,,,,,,,,,
configuration,"구성, 배열",,,,,,,,,,,,
connotation,"함축, 내포된 의미",,,,,,,,,,,,
conquer,"정복하다, 이겨내다",,,,,,,,,,,,
contingency,비상사태,contingent,"조건부의, 부수적인",,,,,,,,,,
correlation,"상관 관계, 상호 관련",correlational,상관 관계의,correlate,상관관계를 맺다,,,,,,,,
county,"(미국 등의) 군, 주",,,,,,,,,,,,
curve,"곡선, 굴곡, 휘게 하다",,,,,,,,,,,,
dash,"돌진하다, 대시, 돌진",,,,,,,,,,,,
declare,"선언하다, 공표하다",,,,,,,,,,,,
defect,"결함, 결점, 탈당하다, 떠나다",,,,,,,,,,,,
delicate,"섬세한, 민감한",,,,,,,,,,,,
despair,"절망, 절망하다",,,,,,,,,,,,
dew,이슬,,,,,,,,,,,,
dictate,"받아쓰게 하다, 명령하다",,,,,,,,,,,,
diffusion,"확산, 보급",,,,,,,,,,,,
dislike,"싫어하다, 혐오",,,,,,,,,,,,
dust,"먼지, 털다, 먼지를 제거하다",dusty,먼지 많은,,,,,,,,,,
eco-friendly,친환경적인,,,,,,,,,,,,
elaborate,"정교한, 공들인, 상세히 설명하다",,,,,,,,,,,,
embed,"끼워 넣다, 삽입하다",,,,,,,,,,,,
embrace,"포옹하다, 받아들이다, 포옹",,,,,,,,,,,,
emperor,황제,,,,,,,,,,,,
emulate,"모방하다, 본뜨다",emulation,"모방, 경쟁",,,,,,,,,,
entrepreneur,기업가,,,,,,,,,,,,
erase,"지우다, 삭제하다",,,,,,,,,,,,
exotic,"이국적인, 색다른",,,,,,,,,,,,
falcon,"매, 매사냥하다",,,,,,,,,,,,
flat,"평평한, 고정된, 아파트, 납작하게, 평탄화하다",,,,,,,,,,,,
flip,"뒤집다, 튀기다, 탁 던지기",,,,,,,,,,,,
flora,식물상,,,,,,,,,,,,
folk,"사람들, 민속, 민속의",,,,,,,,,,,,
formula,"공식, 조리법, 공식의",formulate,공식화하다,,,,,,,,,,
fraction,"분수, 부분",fractionate,분별하다,,,,,,,,,,
frank,"솔직한, 숨김없는, 우편요금인감",,,,,,,,,,,,
fraud,"사기, 사취",,,,,,,,,,,,
frown,"얼굴을 찌푸리다, 찡그림",,,,,,,,,,,,
garage,"차고, 차고에 넣다",,,,,,,,,,,,
gossip,"소문, 가십, 소문을 퍼뜨리다",,,,,,,,,,,,
greedily,탐욕스럽게,,,,,,,,,,,,
hatch,"부화하다, 계획하다, 부화",hatchling,부화한 새끼,,,,,,,,,,
hemisphere,반구,,,,,,,,,,,,
heredity,"유전, 유전성",,,,,,,,,,,,
homogeneous,"균질의, 동종의",,,,,,,,,,,,
incremental,"점진적인, 단계적인",increment,"증가, 증분",,,,,,,,,,
index,"색인, 지수, 지수화하다",,,,,,,,,,,,
interdependent,상호 의존적인,interdependence,상호의존,,,,,,,,,,
intimate,"친밀한, 사적인, 넌지시 알리다",intimately,친밀하게,intimacy,친밀함,,,,,,,,
involuntary,"본의 아닌, 무의식적인",involuntarily,본의 아니게,,,,,,,,,,
irrigation,"관개, 물대기",,,,,,,,,,,,
keystone,핵심,,,,,,,,,,,,
kneel,무릎 꿇다,knee,무릎,,,,,,,,,,
lag,"뒤처지다, 지연",,,,,,,,,,,,
marathon,"마라톤, 장거리 경주",,,,,,,,,,,,
merge,"합병하다, 합치다",merger,합병,,,,,,,,,,
mimic,흉내 내다,,,,,,,,,,,,
misconception,"오해, 잘못된 생각",,,,,,,,,,,,
nod,"고개를 끄덕이다, 끄덕임",,,,,,,,,,,,
nonetheless,그럼에도 불구하고,,,,,,,,,,,,
nourish,"기르다, 영양을 공급하다",,,,,,,,,,,,
obsess,집착하다,obsession,"집착, 강박 관념",,,,,,,,,,
offspring,"자손, 후손",,,,,,,,,,,,
ought,"해야 한다, ~할 의무가 있다",,,,,,,,,,,,
paddle,"노, 노젓기, 노를 젓다",,,,,,,,,,,,
panic,"공황, 극도의 두려움, 공황 상태에 빠지다",,,,,,,,,,,,
plot,"줄거리, 음모, 줄거리를 구성하다, 음모를 꾸미다",,,,,,,,,,,,
pond,연못,,,,,,,,,,,,
prevail,"우세하다, 만연하다, 이기다",prevailing,지배적인,prevalence,만연,prevalent,널리 퍼진,,,,,,
proliferation,"확산, 급증",,,,,,,,,,,,
racket,"라켓, 소음",,,,,,,,,,,,
reconcile,"화해시키다, 조정하다",reconciliation,"화해, 조정",,,,,,,,,,
reef,암초,,,,,,,,,,,,
rescue,"구조하다, 구조",,,,,,,,,,,,
resonate,"울려퍼지다, 공명하다, 마음에 와닿다",resonance,"공명, 울림",,,,,,,,,,
retrospect,"회고, 되돌아봄",,,,,,,,,,,,
reunion,"재회, 동창회",,,,,,,,,,,,
roast,"굽다, 볶다, 구운 고기",,,,,,,,,,,,
rob,"강탈하다, 털다",,,,,,,,,,,,
rocky,"암석의, 바위투성이의",,,,,,,,,,,,
roof,지붕,,,,,,,,,,,,
row,"줄, 열, 노 젓다",,,,,,,,,,,,
royal,왕실의,,,,,,,,,,,,
sake,"목적, 이익",,,,,,,,,,,,
scratch,"긁다, 할퀴다, 긁힌 자국",,,,,,,,,,,,
screenplay,각본,,,,,,,,,,,,
segment,"구획, 부분, 분할하다",,,,,,,,,,,,
semester,학기,,,,,,,,,,,,
senior,"상급의, 고위의, 상급자, 연장자",,,,,,,,,,,,
shame,"수치심, 부끄러움, 부끄럽게 만들다",,,,,,,,,,,,
sheet,"시트, 얇은 천",,,,,,,,,,,,
shot,"발사, 주사, 슛, 기회",,,,,,,,,,,,
shut,"닫다, 잠그다, 닫힌",,,,,,,,,,,,
snap,"딱 소리 내다, 부러뜨리다, 탁 하는 소리",,,,,,,,,,,,
solely,"오로지, 단지",sole,"유일한, 독점적인",,,,,,,,,,
sorrowful,"슬픈, 비통한",,,,,,,,,,,,
sovereign,"군주, 주권자, 자주적인",sovereignty,"주권, 통치권",,,,,,,,,,
spine,"척추, 등뼈",spineless,"줏대 없는, 척추가 없는",,,,,,,,,,
splice,"접합하다, 이어 붙이다",,,,,,,,,,,,
stamp,"우표, 도장, 도장 찍다",,,,,,,,,,,,
steam,"증기, 찌다, 증기를 내다",,,,,,,,,,,,
supervisor,"감독자, 관리자",,,,,,,,,,,,
surgery,"수술, 외과",surgical,외과의,surgeon,외과의사,,,,,,,,
suspicious,의심스러운,suspicion,의심,,,,,,,,,,
swallow,"삼키다, 제비",,,,,,,,,,,,
sweep,"쓸다, 청소하다",,,,,,,,,,,,
symptom,"증상, 징후",,,,,,,,,,,,
tactic,"전술, 전략",tactical,전술적인,,,,,,,,,,
tale,"이야기, 설화",,,,,,,,,,,,
tame,"길들여진, 길들이다",,,,,,,,,,,,
taxon,분류군,,,,,,,,,,,,
terminal,"최종의, 말기의, 터미널",termination,"종결, 종료, 해고",,,,,,,,,,
thick,"두꺼운, 진한, 두텁게",,,,,,,,,,,,
thread,"실, 실타래, 실을 꿰다",,,,,,,,,,,,
till,"~까지, 경작하다",,,,,,,,,,,,
timber,"목재, 재목",,,,,,,,,,,,
toddler,"걸음마 배우는 아이, 어린이",,,,,,,,,,,,
tongue,"혀, 언어",,,,,,,,,,,,
toxic,"유독한, 독성의",toxin,독소,toxicity,"독성, 유독성",,,,,,,,
transgenic,유전자 변형의,,,,,,,,,,,,
tremble,"떨다, 떨리다",,,,,,,,,,,,
tribal,"부족의, 종족의",,,,,,,,,,,,
tutor,"개인 교습자, 개인 지도하다",,,,,,,,,,,,
unconnected,"연결되지 않은, 관련 없는",,,,,,,,,,,,
undo,"원상태로 돌리다, 취소하다",,,,,,,,,,,,
unfair,"불공평한, 부당한",unfairness,불공평,,,,,,,,,,
unintentional,"고의가 아닌, 의도하지 않은",,,,,,,,,,,,
unlock,"잠금 해제하다, 열다",,,,,,,,,,,,
unparalleled,"비할 데 없는, 유례없는",,,,,,,,,,,,
unpredictable,예측할 수 없는,,,,,,,,,,,,
upward,"위쪽으로, 상승하는",,,,,,,,,,,,
utopia,이상향,utopian,이상향의,,,,,,,,,,
welfare,"복지, 번영",,,,,,,,,,,,
wool,"양모, 털실",,,,,,,,,,,,
Sugar-sweetened,설탕이 첨가된,,,,,,,,,,,,
abuse,"학대, 남용, 학대하다, 남용하다",,,,,,,,,,,,
acid,"산의, 신, 산",acidic,산성의,,,,,,,,,,
acquaintance,"지인, 아는 사람",,,,,,,,,,,,
adulthood,"성년, 성숙기",,,,,,,,,,,,
aloud,소리 내어,,,,,,,,,,,,
altitude,"고도, 높이",,,,,,,,,,,,
amnesia,기억 상실,,,,,,,,,,,,
anatomy,"해부학, 구조",anatomically,해부학적으로,,,,,,,,,,
appetite,"식욕, 욕구",,,,,,,,,,,,
aquarium,"수족관, 어항",,,,,,,,,,,,
asset,"자산, 재산, 장점",,,,,,,,,,,,
assure,"확신시키다, 보장하다",assurance,보증,,,,,,,,,,
autobiography,자서전,autobiographical,자서전의,,,,,,,,,,
avenue,"거리, 길, 방안",,,,,,,,,,,,
awake,"깨우다, 깨어나다, 깨어 있는",awaken,깨우다,,,,,,,,,,
barrow,외바퀴 수레,,,,,,,,,,,,
bass,"베이스, 저음부, 농어",,,,,,,,,,,,
beg,"간청하다, 구걸하다",beggar,거지,,,,,,,,,,
biography,"전기, 일대기",biographical,전기의,,,,,,,,,,
bitter,"쓴, 쓰라린, 몹시",bitterly,심하게,bitterness,쓴맛,,,,,,,,
boost,"증진시키다, 밀어올리다, 상승",booster,증강제,,,,,,,,,,
bother,"귀찮게 하다, 괴롭히다, 성가심",,,,,,,,,,,,
brilliant,"뛰어난, 훌륭한, 빛나는",brilliance,탁월함,,,,,,,,,,
bunch,"다발, 무리, 다발로 묶다",,,,,,,,,,,,
cabin,"오두막, 객실",cabinet,"내각, 캐비닛",,,,,,,,,,
cancer,"암, 암병",,,,,,,,,,,,
candidate,"후보자, 지원자",,,,,,,,,,,,
cargo,화물,,,,,,,,,,,,
catastrophe,"대재앙, 참사",catastrophic,재앙적인,,,,,,,,,,
cease,"중단하다, 그만두다",ceaseless,끊임없는,,,,,,,,,,
celestial,"천체의, 하늘의",,,,,,,,,,,,
chamber,"방, 회의실",,,,,,,,,,,,
chat,"대화, 수다, 잡담하다",,,,,,,,,,,,
chop,"썰다, 자르다, 토막",,,,,,,,,,,,
contaminate,오염시키다,,,,,,,,,,,,
converge,"수렴하다, 집중되다",convergence,"수렴, 집중",,,,,,,,,,
creep,"살금살금 움직이다, 포복",,,,,,,,,,,,
dare,"감히 ~하다, 도전",,,,,,,,,,,,
deceptive,"기만적인, 속이는",deception,"기만, 속임수",,,,,,,,,,
defeat,"패배시키다, 패배",,,,,,,,,,,,
deployment,"배치, 전개",,,,,,,,,,,,
descendant,"자손, 후손",,,,,,,,,,,,
dialect,"방언, 사투리",,,,,,,,,,,,
dialogue,"대화, 문답",,,,,,,,,,,,
disconnect,"연결을 끊다, 분리하다, 단절기",,,,,,,,,,,,
dismiss,"해고하다, 기각하다",dismissive,무시하는,,,,,,,,,,
disorder,"무질서, 장애, 혼란시키다",disorderly,무질서한,,,,,,,,,,
dissatisfy,불만을 품게 하다,dissatisfaction,불만,,,,,,,,,,
drastically,"급격히, 과감하게",,,,,,,,,,,,
drift,"표류, 떠내려가다",,,,,,,,,,,,
dull,"지루한, 흐릿한, 둔화시키다",,,,,,,,,,,,
empower,권한을 부여하다,,,,,,,,,,,,
enclose,"둘러싸다, 동봉하다",,,,,,,,,,,,
equivalent,동등한,,,,,,,,,,,,
extrinsic,"외재적인, 외부의",,,,,,,,,,,,
extrovert,외향적인 사람,,,,,,,,,,,,
fin,지느러미,,,,,,,,,,,,
flatter,아첨하다,,,,,,,,,,,,
flea,벼룩,,,,,,,,,,,,
furious,격노한,furiously,격렬하게,,,,,,,,,,
gaze,"응시, 응시하다",,,,,,,,,,,,
generous,"관대한, 후한",generosity,관대함,,,,,,,,,,
glimpse,"흘끗 보다, 흘긋 봄",,,,,,,,,,,,
glue,"접착제, 붙이다",,,,,,,,,,,,
gratify,만족시키다,,,,,,,,,,,,
hallmark,"특징, 품질 보증 표시",,,,,,,,,,,,
heal,치유하다,,,,,,,,,,,,
herd,"무리, 떼지어 모으다",,,,,,,,,,,,
hive,"벌통, 활동이 번화한 곳",,,,,,,,,,,,
hop,"깡충 뛰다, 깡충 뛰기",,,,,,,,,,,,
humble,"겸손한, 낮추다",,,,,,,,,,,,
humiliation,"굴욕, 모욕",humiliate,굴욕감을 주다,,,,,,,,,,
illuminate,"비추다, 조명하다, 밝히다",illumination,조명,,,,,,,,,,
impractical,"비현실적인, 실행하기 어려운",,,,,,,,,,,,
infectious,전염성의,,,,,,,,,,,,
insert,"삽입하다, 삽입물",,,,,,,,,,,,
insignificant,"하찮은, 사소한",,,,,,,,,,,,
intersect,교차하다,intersection,"교차점, 교차로",,,,,,,,,,
interval,"간격, 사이",,,,,,,,,,,,
intrigue,"흥미를 일으키다, 흥미를 끌다",,,,,,,,,,,,
intrinsic,"본질적인, 내재하는",,,,,,,,,,,,
invariably,"변함없이, 언제나",,,,,,,,,,,,
irresponsible,무책임한,,,,,,,,,,,,
jar,"병, 항아리",,,,,,,,,,,,
lab,"실험실, 연구실",,,,,,,,,,,,
lend,빌려주다,,,,,,,,,,,,
log,"통나무, 기록하다",,,,,,,,,,,,
marble,"대리석, 구슬 놀이",,,,,,,,,,,,
mate,"짝, 동료",,,,,,,,,,,,
mayor,"시장, 시장직",,,,,,,,,,,,
mold,"곰팡이, 형성하다",moldy,곰팡내 나는,,,,,,,,,,
mud,"진흙, 진창",muddy,진흙투성이의,,,,,,,,,,
murder,"살인, 살해, 살인을 저지르다",,,,,,,,,,,,
nitrogen,질소,,,,,,,,,,,,
oak,참나무,,,,,,,,,,,,
obscure,"모호한, 불분명한, 가리다",,,,,,,,,,,,
orchard,과수원,,,,,,,,,,,,
pervasive,"널리 퍼진, 만연한",,,,,,,,,,,,
poisonous,독성이 있는,,,,,,,,,,,,
prescribe,"처방하다, 규정하다",,,,,,,,,,,,
pretend,"가장하다, ~인 체하다",pretension,허세,,,,,,,,,,
primate,영장류,primatologist,영장류학자,,,,,,,,,,
prime,"주요한, 최적의",,,,,,,,,,,,
profile,"프로필, 개요, 개요를 작성하다",,,,,,,,,,,,
protagonist,"주인공, 주도자",,,,,,,,,,,,
proverb,"속담, 격언",,,,,,,,,,,,
punish,"처벌하다, 벌주다",punishment,처벌,,,,,,,,,,
recruit,"모집하다, 신병을 뽑다, 신병",,,,,,,,,,,,
regain,"되찾다, 회복하다",,,,,,,,,,,,
reindeer,순록,,,,,,,,,,,,
repetitive,반복적인,,,,,,,,,,,,
resort,"휴양지, 호소하다",,,,,,,,,,,,
retain,"유지하다, 보유하다",,,,,,,,,,,,
retreat,"후퇴, 휴양지, 후퇴하다, 물러나다",,,,,,,,,,,,
revenue,"수익, 세입",,,,,,,,,,,,
revive,"소생시키다, 부흥하다",,,,,,,,,,,,
riddle,"수수께끼, 가득 채우다",,,,,,,,,,,,
second-hand,"중고의, 간접적으로",,,,,,,,,,,,
self-portrait,자화상,,,,,,,,,,,,
senile,"노쇠한, 노망든",,,,,,,,,,,,
shrink,"줄어들다, 감소하다, 정신과 의사",,,,,,,,,,,,
shrug,"어깨를 으쓱하다, 으쓱하기",,,,,,,,,,,,
sibling,형제자매,,,,,,,,,,,,
soul,"영혼, 혼",,,,,,,,,,,,
speckle,"얼룩, 반점, 얼룩지게 하다",,,,,,,,,,,,
spit,"침 뱉다, 침",,,,,,,,,,,,
splash,"튀기다, 첨벙거리는 소리",,,,,,,,,,,,
sponsor,"후원자, 후원하다",,,,,,,,,,,,
starve,굶주리다,starvation,기아,,,,,,,,,,
steep,"가파른, 담그다, 급격히",steepness,가파름,,,,,,,,,,
stiffen,"굳어지다, 경직되다, 경직시키다",stiffness,"뻣뻣함, 경직",,,,,,,,,,
stool,"발판, 걸상",,,,,,,,,,,,
strip,"벗다, 제거하다, 연재물",,,,,,,,,,,,
summit,"정상 회담, 정상",,,,,,,,,,,,
supervision,"감독, 관리",,,,,,,,,,,,
suspect,"맞다고 의심하다, 용의자",,,,,,,,,,,,
sweater,스웨터,,,,,,,,,,,,
syntax,"구문, 문장 구조",,,,,,,,,,,,
terrify,"겁주다, 공포에 질리게 하다",,,,,,,,,,,,
texture,"질감, 조직",,,,,,,,,,,,
therapy,치료,,,,,,,,,,,,
throat,목구멍,,,,,,,,,,,,
tissue,"조직, 휴지",,,,,,,,,,,,
treadmill,"러닝머신, 반복적 일",,,,,,,,,,,,
troop,"군대, 무리",trooper,"기병, 병사",,,,,,,,,,
unacceptable,받아들일 수 없는,,,,,,,,,,,,
unavailable,이용할 수 없는,,,,,,,,,,,,
unavoidable,"피할 수 없는, 불가피한",,,,,,,,,,,,
unconventional,"비전통적인, 관습에 얽매이지 않은",,,,,,,,,,,,
unemployment,"실업, 실직",,,,,,,,,,,,
unnoticed,"눈에 띄지 않는, 간과된",,,,,,,,,,,,
unsuccessful,성공하지 못한,,,,,,,,,,,,
untouchable,"손댈 수 없는, 금기의",untouched,"손대지 않은, 영향을 받지 않은",,,,,,,,,,
vacuum,"진공, 진공 청소하다",,,,,,,,,,,,
vase,꽃병,,,,,,,,,,,,
vertebrate,"척추동물, 척추동물의",,,,,,,,,,,,
vice,"악, 범죄, 대리의 자리",,,,,,,,,,,,
vocal,"목소리의, 음성의, 성악가",vocalization,발성,,,,,,,,,,
ward,"병동, 구역, 막다, 보호하다",,,,,,,,,,,,
weird,"이상한, 기이한",weirdo,괴짜,,,,,,,,,,
whisper,"속삭이다, 속삭임",,,,,,,,,,,,
widget,"위젯, 작은 장치",,,,,,,,,,,,
witness,"목격자, 목격하다",,,,,,,,,,,,
abatement,"감소, 완화, 경감",,,,,,,,,,,,
accustom,"익숙해지다, 익히다",accustomed to,~에 익숙한,,,,,,,,,,
aloof,"냉담한, 무관심한, 떨어져",,,,,,,,,,,,
alpine,"알프스의, 고산의",,,,,,,,,,,,
altogether,"완전히, 전적으로",,,,,,,,,,,,
ambiguity,모호성,,,,,,,,,,,,
anchor,"닻, 정박시키다",,,,,,,,,,,,
apocalypse,"종말, 대재앙",,,,,,,,,,,,
aroma,"향기, 아로마",,,,,,,,,,,,
attorney,변호사,,,,,,,,,,,,
aural,청각의,,,,,,,,,,,,
barren,"불모의, 척박한",,,,,,,,,,,,
basin,"분지, 물받이",,,,,,,,,,,,
bay,"만, 후미",,,,,,,,,,,,
bazaar,"시장, 바자회",,,,,,,,,,,,
blossom,"꽃이 피다, 꽃",,,,,,,,,,,,
boom,"호황, 급증",,,,,,,,,,,,
bottleneck,"병목 현상, 장애",,,,,,,,,,,,
brick,"벽돌, 벽돌로 쌓다",,,,,,,,,,,,
broker,"중개인, 중개업자",,,,,,,,,,,,
broth,"육수, 국물",,,,,,,,,,,,
brush,"솔질하다, 칠하다, 솔",,,,,,,,,,,,
cab,택시,,,,,,,,,,,,
chapel,"예배당, 예배실",,,,,,,,,,,,
chief,"주요한, 최고 책임자",chieftain,족장,,,,,,,,,,
collapse,"붕괴되다, 무너지다",,,,,,,,,,,,
combustion,"연소, 연소 과정",,,,,,,,,,,,
condominium,"콘도미니엄, 공동주택",,,,,,,,,,,,
consolidate,"통합하다, 합병하다",,,,,,,,,,,,
cosmopolitan,"국제적인, 세계적인",,,,,,,,,,,,
crack,"금이 가다, 갈라지다, 틈, 균열",cracker,크래커,,,,,,,,,,
debilitate,"쇠약하게 만들다, 약화시키다",,,,,,,,,,,,
deed,"행위, 증서",,,,,,,,,,,,
demographic,인구 통계의,demographically,인구통계학적으로,,,,,,,,,,
destiny,"운명, 숙명",destine,운명 짓다,,,,,,,,,,
diagnose,진단하다,diagnosis,진단,,,,,,,,,,
dig,"파다, 발굴하다",,,,,,,,,,,,
dilute,"희석하다, 묽게 하다",,,,,,,,,,,,
disappearance,"실종, 사라짐",,,,,,,,,,,,
discourse,"담화, 담론",,,,,,,,,,,,
disengage,"풀다, 떼어내다",,,,,,,,,,,,
disguise,"변장시키다, 변장",,,,,,,,,,,,
disgust,"혐오감, 역겨움",,,,,,,,,,,,
divergence,"분기, 발산, 차이",,,,,,,,,,,,
doorway,"출입문, 입구",,,,,,,,,,,,
dot,"점, 점들, 점을 찍다",,,,,,,,,,,,
dumb,멍청한,,,,,,,,,,,,
dump,"버리다, 내던지다, 쓰레기 더미",dumpster,쓰레기통,,,,,,,,,,
durability,"내구성, 지속력",,,,,,,,,,,,
elite,"엘리트, 우수 그룹, 최고의",,,,,,,,,,,,
embellish,"장식하다, 꾸미다",,,,,,,,,,,,
enlarge,"확대하다, 크게 하다",,,,,,,,,,,,
equation,방정식,,,,,,,,,,,,
erosion,"침식, 부식",,,,,,,,,,,,
evil,"악한, 악, 사악함",,,,,,,,,,,,
excavate,발굴하다,,,,,,,,,,,,
exclaim,"외치다, 소리치다",,,,,,,,,,,,
fake,"가짜의, 위조된, 위조품",,,,,,,,,,,,
fancy,"화려한, 장식적인",,,,,,,,,,,,
feast,"잔치, 축제",,,,,,,,,,,,
fieldwork,현장 연구,,,,,,,,,,,,
flaw,"결함, 흠",flawless,완벽한,,,,,,,,,,
flee,"도망치다, 탈출하다",,,,,,,,,,,,
flourish,"번영하다, 꽃피다",,,,,,,,,,,,
fluctuate,"변동하다, 오르내리다",,,,,,,,,,,,
fluid,"유동적인, 흐르는",,,,,,,,,,,,
flush,"향기나 맛이 퍼지다, 얼굴이 붉어지다",,,,,,,,,,,,
fond,"좋아하는, 애정 어린",,,,,,,,,,,,
fork,"포크, 갈래길, 갈라지다",,,,,,,,,,,,
fridge,냉장고,,,,,,,,,,,,
fur,"털, 모피의",,,,,,,,,,,,
fuse,"녹이다, 융합하다",,,,,,,,,,,,
grace,"우아함, 은총, 장식하다",graceful,우아한,,,,,,,,,,
grave,"무덤, 심각한, 중대한",,,,,,,,,,,,
grief,"슬픔, 비탄",,,,,,,,,,,,
grip,"꽉 잡기, 지배력, 꽉 쥐다, 사로잡다",,,,,,,,,,,,
hay,건초,,,,,,,,,,,,
hindrance,"방해, 장애",hinder,방해하다,unhindered,방해받지않은,,,,,,,,
hood,"두건, 보호막, 덮다",,,,,,,,,,,,
hydrogen,수소,,,,,,,,,,,,
impede,"방해하다, 지연시키다",,,,,,,,,,,,
imperative,"필수적인, 긴급한, 명령적인 요구",,,,,,,,,,,,
impose,"부과하다, 강요하다",,,,,,,,,,,,
improbable,"있을 법하지 않은, 가망 없는",,,,,,,,,,,,
impulse,"충동, 추진력",impulsive,충동적인,impulsively,충동적으로,,,,,,,,
incomplete,"불완전한, 미완성의",,,,,,,,,,,,
ineffective,"효과가 없는, 비효율적인",,,,,,,,,,,,
infection,"감염, 전염",infected,감염된,,,,,,,,,,
inflame,"염증을 일으키다, 격앙시키다",inflammation,염증,,,,,,,,,,
ingenuity,"독창성, 기지",,,,,,,,,,,,
injustice,"부정, 불공정",,,,,,,,,,,,
innocent,"무죄의, 결백한, 순진한 사람",innocence,무죄,,,,,,,,,,
intangible,"무형의, 만질 수 없는",,,,,,,,,,,,
intercultural,문화 간의,,,,,,,,,,,,
interpersonal,대인 관계의,,,,,,,,,,,,
interrupt,"방해하다, 중단시키다",interrupted,중단된,interruption,중단,,,,,,,,
intimacy,"친밀감, 친교",,,,,,,,,,,,
iron,"철, 다림질하다",,,,,,,,,,,,
irrational,비이성적인,irrationally,비합리적으로,irrationality,불합리,,,,,,,,
junk,"폐물, 잡동사니",,,,,,,,,,,,
kinesthetic,운동감각의,,,,,,,,,,,,
larva,"유충, 애벌레",,,,,,,,,,,,
leather,"가죽, 가죽의",,,,,,,,,,,,
legend,"전설, 범례",legendary,전설적인,,,,,,,,,,
lexical,"어휘의, 단어의, (문법) 사전적인",,,,,,,,,,,,
limestone,석회암,,,,,,,,,,,,
martial,"군사의, 전쟁의",,,,,,,,,,,,
meditation,"명상, 숙고",,,,,,,,,,,,
mend,"수선하다, 개선하다, 수선",,,,,,,,,,,,
meteorite,운석,meteorologist,기상학자,,,,,,,,,,
microscopic,미시적인,microbial,미생물의,,,,,,,,,,
midtown,"도심지, 도심의",,,,,,,,,,,,
mild,"온화한, 순한",,,,,,,,,,,,
mist,"안개, 분무하다",,,,,,,,,,,,
mount,"오르다, 설치하다, 산",,,,,,,,,,,,
mundane,"일상적인, 세속적인",,,,,,,,,,,,
musty,곰팡내 나는,,,,,,,,,,,,
naked,"벌거벗은, 노골적인",,,,,,,,,,,,
neat,"깔끔한, 정돈된",,,,,,,,,,,,
nostalgia,"향수, 그리움",,,,,,,,,,,,
nuance,"뉘앙스, 미묘한 차이",nuanced,미묘한,,,,,,,,,,
nymph,"요정, 영(나비류), 나비목 곤충",,,,,,,,,,,,
oral,"구두의, 구술의",,,,,,,,,,,,
parcel,"소포, 꾸러미",,,,,,,,,,,,
patron,"후원자, 고객",,,,,,,,,,,,
peasant,"농부, 소작농",,,,,,,,,,,,
peculiar,"특유의, 이상한",,,,,,,,,,,,
peel,"껍질을 벗기다, 껍질",,,,,,,,,,,,
peruse,"정독하다, 조사하다",,,,,,,,,,,,
petal,꽃잎,,,,,,,,,,,,
pillar,"기둥, 기념비적 구조물",,,,,,,,,,,,
plaza,"광장, 플라자",,,,,,,,,,,,
polish,"닦다, 광을 내다, 광택",,,,,,,,,,,,
port,"항구, 포트",,,,,,,,,,,,
premonitory,"예시의, 예고의",,,,,,,,,,,,
preset,미리 설정하다,,,,,,,,,,,,
prestige,"명성, 위신",,,,,,,,,,,,
preview,미리 보기,,,,,,,,,,,,
primeval,"원시적인, 태초의",,,,,,,,,,,,
prone,"~하기 쉬운, 경향이 있는",,,,,,,,,,,,
radical,"근본적인, 급진적인, 급진주의자",radically,급진적으로,radicalism,극단주의,radicalize,급진화하다,,,,,,
rebuild,"재건하다, 복구하다",,,,,,,,,,,,
rectangular,직사각형의,,,,,,,,,,,,
rediscover,재발견하다,,,,,,,,,,,,
renovation,"개조, 보수공사",,,,,,,,,,,,
renowned,"유명한, 저명한",,,,,,,,,,,,
replicate,"복제하다, 재현하다",replicable,복제 가능한,,,,,,,,,,
resign,"사임하다, 포기하다",resignation,"사임, 체념",,,,,,,,,,
resilience,"탄력성, 회복력",resilient,회복력 있는,,,,,,,,,,
retina,망막,,,,,,,,,,,,
rigid,"엄격한, 경직된",rigidify,굳게 하다,rigidity,경직성,,,,,,,,
rub,"문지르다, 마찰",,,,,,,,,,,,
ruin,"무너뜨리다, 파괴하다, 파괴, 폐허",,,,,,,,,,,,
saddle,"안장, 안장을 얹다, 부담을 지우다",,,,,,,,,,,,
sanction,"제재, 승인, 제재하다, 승인하다",sanctuary,피난처,,,,,,,,,,
sandal,샌들,,,,,,,,,,,,
scheme,"계획, 음모, 계획하다",,,,,,,,,,,,
segregation,"분리, 차별",,,,,,,,,,,,
seize,"붙잡다, 압수하다",,,,,,,,,,,,
shiver,"떨리다, 몸서리치다, 떨림",,,,,,,,,,,,
skeptical,"회의적인, 의심 많은",skepticism,회의론,,,,,,,,,,
sneak,"몰래 움직이다, 살금살금 가다",,,,,,,,,,,,
spectrum,"스펙트럼, 범위",,,,,,,,,,,,
sperm,정자,,,,,,,,,,,,
sphere,"구, 구형, 영역",spherical,구형의,,,,,,,,,,
spill,"엎지르다, 흘리다, 유출",,,,,,,,,,,,
spoonful,한 숟가락 분량,,,,,,,,,,,,
sprint,"전력 질주하다, 전력 질주",,,,,,,,,,,,
stack,"더미, 쌓아 올린 것, 쌓다",,,,,,,,,,,,
stalk,"줄기, 대",,,,,,,,,,,,
statue,동상,,,,,,,,,,,,
stature,"키, 신장",,,,,,,,,,,,
stir,"젓다, 휘젓다",,,,,,,,,,,,
straw,"빨대, 짚",,,,,,,,,,,,
stride,"성큼성큼 걷기, 성큼성큼 걷다",,,,,,,,,,,,
subdivide,"세분하다, 하위 구분하다",,,,,,,,,,,,
subsidy,"보조금, 지원금",,,,,,,,,,,,
subsistence,"생활, 생계",,,,,,,,,,,,
superficial,피상적인,,,,,,,,,,,,
synthetic,"합성의, 인조의",synthesize,합성하다,,,,,,,,,,
tablet,"알약, 정제",,,,,,,,,,,,
tailor,"맞추다, 조정하다, 재단사",,,,,,,,,,,,
tangible,"만질 수 있는, 유형의",,,,,,,,,,,,
temper,"기질, 성질, 완화하다",temperament,기질,,,,,,,,,,
temple,"사원, 절, 신전",,,,,,,,,,,,
tolerance,"관용, 용인, 허용 오차",tolerate,견디다,,,,,,,,,,
toll,"통행료, 희생, 종을 울리다",,,,,,,,,,,,
transcend,초월하다,transcendent,초월적인,,,,,,,,,,
trek,"트레킹, 힘든 여행, 트레킹하다",,,,,,,,,,,,
tug,"끌다, 세게 잡아당기다, 견인",,,,,,,,,,,,
tune,"곡조, 선율, 조율하다",,,,,,,,,,,,
uncomplicated,"복잡하지 않은, 간단한",,,,,,,,,,,,
undesirable,바람직하지 않은,undoubtedly,의심할 여지없이,,,,,,,,,,
undoubtedly,의심할 여지 없이,,,,,,,,,,,,
unimaginable,상상할 수 없는,,,,,,,,,,,,
unimportant,"중요하지 않은, 사소한",,,,,,,,,,,,
unintended,의도하지 않은,,,,,,,,,,,,
unstable,불안정한,,,,,,,,,,,,
uphold,"지지하다, 유지하다",,,,,,,,,,,,
versa,반대로,,,,,,,,,,,,
vessel,"용기, 그릇, 선박, 혈관",,,,,,,,,,,,
warranty,"보증, 담보",,,,,,,,,,,,
weary,"피곤한, 지친, 지치게 하다",,,,,,,,,,,,
withdraw,"철수하다, 인출하다, 물러나다",,,,,,,,,,,,
yell,"소리치다, 외침",,,,,,,,,,,,
aboard,"탑승하여, ~에 탑승하여",,,,,,,,,,,,
aboriginal,"원주민의, 토착의, 원주민",,,,,,,,,,,,
agenda,"의제, 안건",,,,,,,,,,,,
alumnus,졸업생 (복수형 alumni),,,,,,,,,,,,
amend,"보상하다, 수정하다, 보상, 수정",,,,,,,,,,,,
amphibian,"양서류, 양서류의",,,,,,,,,,,,
animation,"생기, 애니메이션",inanimate,무생물의,,,,,,,,,,
anthropological,인류학의,,,,,,,,,,,,
apron,앞치마,,,,,,,,,,,,
arithmetic,"산수, 계산, 산수의",,,,,,,,,,,,
aspiration,"열망, 포부",,,,,,,,,,,,
assimilation,"동화, 흡수",,,,,,,,,,,,
asymmetry,비대칭,,,,,,,,,,,,
auction,"경매, 경매에 부치다",,,,,,,,,,,,
aura,"분위기, 오라",,,,,,,,,,,,
barefoot,"맨발의, 맨발로",,,,,,,,,,,,
barely,"거의 ~않게, 간신히",,,,,,,,,,,,
barrel,"통, 배럴, 통에 넣다",,,,,,,,,,,,
blackboard,칠판,,,,,,,,,,,,
blueprint,"설계도, 청사진",,,,,,,,,,,,
blur,"흐리게 하다, 흐려지다, 흐림",,,,,,,,,,,,
breaststroke,평영,,,,,,,,,,,,
bump,"부딪치다, 튀어나오다, 혹, 돌출부",,,,,,,,,,,,
burrow,"굴을 파다, 굴",,,,,,,,,,,,
cactus,선인장,,,,,,,,,,,,
caloric,"칼로리의, 열량의",,,,,,,,,,,,
camouflage,"위장, 위장하다, 숨기다",,,,,,,,,,,,
cap,"모자, 덮다, 상한을 정하다",,,,,,,,,,,,
carpenter,목수,,,,,,,,,,,,
catalog,"목록, 분류하다",,,,,,,,,,,,
ceiling,천장; 상한선,,,,,,,,,,,,
ceramic,"도자의, 도자기",,,,,,,,,,,,
chill,"차게 하다, 냉기",,,,,,,,,,,,
chore,허드렛일,,,,,,,,,,,,
commission,"위원회, 수수료, 의뢰하다",,,,,,,,,,,,
compact,"소형의, 간결한, 소형차, 압축하다",,,,,,,,,,,,
compass,"나침반, 둘러싸다",,,,,,,,,,,,
compatibility,"호환성, 양립성",compatible,호환되는,,,,,,,,,,
complementary,보완적인,complement,보완하다,,,,,,,,,,
compound,"복합체, 합성물, 복합의, 구성하다, 악화시키다",,,,,,,,,,,,
conceive,"상상하다, 생각해내다",,,,,,,,,,,,
conducive,도움이 되는,,,,,,,,,,,,
corrupt,"부패한, 부패시키다",,,,,,,,,,,,
cosmic,우주의,,,,,,,,,,,,
cruel,잔인한,,,,,,,,,,,,
damp,축축한,,,,,,,,,,,,
debut,"데뷔, 데뷔하다",,,,,,,,,,,,
decode,"해독하다, 해석하다",,,,,,,,,,,,
deforestation,삼림 벌채,,,,,,,,,,,,
deplete,"고갈시키다, 줄이다",,,,,,,,,,,,
deposit,"예금, 침전물, 예금하다, 놓다",,,,,,,,,,,,
diaper,"기저귀, 기저귀를 채우다",,,,,,,,,,,,
dioxide,이산화물,,,,,,,,,,,,
discard,"버리다, 폐기하다, 폐기물",,,,,,,,,,,,
displace,"대체하다, 쫓아내다",,,,,,,,,,,,
dissimilar,"다른, 유사하지 않은",,,,,,,,,,,,
dissolve,"녹다, 용해되다, 해산시키다",,,,,,,,,,,,
district,"구역, 지구, 지역으로 나누다",,,,,,,,,,,,
disvalue,"가치 저하, 가치를 경시하다",,,,,,,,,,,,
division,"분할, 구분, 부서, 국",,,,,,,,,,,,
donor,"기증자, 기부자",,,,,,,,,,,,
drape,"걸치다, 커튼",,,,,,,,,,,,
drill,"연습, 훈련, 드릴, 연습시키다, 구멍을 뚫다",,,,,,,,,,,,
earthquake,지진,,,,,,,,,,,,
ego,"자아, 자존심",,,,,,,,,,,,
enact,"제정하다, 상연하다",enactment,제정,,,,,,,,,,
errand,심부름,,,,,,,,,,,,
etiquette,"예절, 에티켓",,,,,,,,,,,,
euphemism,완곡어법,,,,,,,,,,,,
exemplify,"예를 들다, 전형이 되다",,,,,,,,,,,,
export,"수출하다, 수출",exporter,수출업자,,,,,,,,,,
fabulous,"굉장한, 멋진",,,,,,,,,,,,
feather,깃털,featherless,깃털이 없는,,,,,,,,,,
fidelity,"충실도, 정확성",,,,,,,,,,,,
fierce,"사나운, 격렬한",,,,,,,,,,,,
fingerprint,지문,,,,,,,,,,,,
flicker,"깜빡이다, 깜박임",,,,,,,,,,,,
flock,"무리, 떼, 떼를 지어 모이다",,,,,,,,,,,,
forecast,"예보, 예측하다",,,,,,,,,,,,
foreseeable,예측 가능한,,,,,,,,,,,,
forgive,"용서하다, 용서",,,,,,,,,,,,
fort,"요새, 성채",,,,,,,,,,,,
fragility,연약함,,,,,,,,,,,,
gallop,전속력으로 달리다,,,,,,,,,,,,
gasoline,휘발유,,,,,,,,,,,,
gelatin,"젤라틴, 젤라틴의",,,,,,,,,,,,
harbor,"항구, 품다, 숨기다",,,,,,,,,,,,
hesitate,"주저하다, 망설이다",hesitant,머뭇거리는,hesitation,머뭇거림,,,,,,,,
holy,"신성한, 성스러운",,,,,,,,,,,,
hook,"갈고리, 고리, 걸다",,,,,,,,,,,,
horizon,"지평선, 수평선",horizontal,수평의,,,,,,,,,,
hue,"색조, 명도",,,,,,,,,,,,
hybrid,"잡종, 혼합의",,,,,,,,,,,,
idle,"게으른, 놀리다",,,,,,,,,,,,
immoral,부도덕한,,,,,,,,,,,,
immortality,"불멸, 영원한 생명, 불후의 명성",immortal,불멸의,,,,,,,,,,
impair,"손상시키다, 약화시키다",,,,,,,,,,,,
imprint,"각인, 자국, 각인시키다",,,,,,,,,,,,
inborn,타고난,,,,,,,,,,,,
incompatible,양립할 수 없는,,,,,,,,,,,,
in-depth,"심층적인, 상세한",,,,,,,,,,,,
inert,"불활성의, 움직이지 않는",,,,,,,,,,,,
inhibit,"억제하다, 방해하다",,,,,,,,,,,,
inorganic,"무기질의, 무기물의",,,,,,,,,,,,
inscription,"비문, 글귀",,,,,,,,,,,,
insult,"모욕, 모욕하다",,,,,,,,,,,,
internship,"인턴십, 견습 기간",,,,,,,,,,,,
interplay,"상호 작용, 상호 영향",,,,,,,,,,,,
intolerance,"관용 없음, 편협",,,,,,,,,,,,
introspective,"내성적인, 자기 성찰적인",,,,,,,,,,,,
invaluable,"매우 귀중한, 대단히 유용한",,,,,,,,,,,,
kinship,"친족 관계, 유대감",,,,,,,,,,,,
latitude,"위도, 자유, 허용 범위",,,,,,,,,,,,
legitimate,"합법적인, 정당한",,,,,,,,,,,,
leukemia,백혈병,,,,,,,,,,,,
lighting,조명 설비,,,,,,,,,,,,
logo,"로고, 상징",,,,,,,,,,,,
luxury,"사치, 고급품",luxurious,호화로운,,,,,,,,,,
magnet,"자석, 자성체",,,,,,,,,,,,
maneuver,"책략, 조작, 교묘히 움직이다",,,,,,,,,,,,
manure,"거름, 비료, 거름을 주다",,,,,,,,,,,,
march,"행진하다, 행진",,,,,,,,,,,,
modest,"겸손한, 수수한",,,,,,,,,,,,
motto,"좌우명, 모토",,,,,,,,,,,,
mountaintop,산꼭대기,,,,,,,,,,,,
navigational,"항해의, 항법의",,,,,,,,,,,,
noble,"고귀한, 귀족적인, 귀족",,,,,,,,,,,,
one-size-fits-all,"일괄적인, 모두에게 맞는",,,,,,,,,,,,
panel,"패널, 토론자단",,,,,,,,,,,,
parable,"우화, 비유담",,,,,,,,,,,,
parallel,"평행한, 유사점, 평행하다",,,,,,,,,,,,
parasitic,"기생의, 기생하는",,,,,,,,,,,,
pat,"가볍게 두드리다, 가볍게 두드림",,,,,,,,,,,,
patriot,애국자,,,,,,,,,,,,
pave,"포장하다, 닦다",,,,,,,,,,,,
penetrate,"관통하다, 침투하다",,,,,,,,,,,,
pirate,"해적, 불법 복제하다",,,,,,,,,,,,
plus,"이점, 게다가, ~외에도",,,,,,,,,,,,
poppy,양귀비,,,,,,,,,,,,
post-truth,탈진실의,,,,,,,,,,,,
powder,"가루, 분말, 가루로 만들다",,,,,,,,,,,,
predetermine,"미리 결정하다, 예정하다",,,,,,,,,,,,
predominate,"우세하다, 지배적이다",,,,,,,,,,,,
premise,"전제, 전제로 하다",,,,,,,,,,,,
preoccupy,"사로잡다, 몰두하게 하다",,,,,,,,,,,,
presuppose,"전제하다, 가정하다",,,,,,,,,,,,
prevalent,"널리 퍼진, 지배적인",,,,,,,,,,,,
priest,"사제, 신부",,,,,,,,,,,,
prisoner,"죄수, 수감자",,,,,,,,,,,,
propel,"추진하다, 몰아가다",,,,,,,,,,,,
prophecy,"예언, 예언서",,,,,,,,,,,,
prose,산문,,,,,,,,,,,,
prosecute,"기소하다, 수행하다",,,,,,,,,,,,
protest,"항의, 시위, 항의하다, 반대하다",,,,,,,,,,,,
protogene,원시 유전자,,,,,,,,,,,,
protopian,"이상사회의, 이상향의",,,,,,,,,,,,
provoke,"유발하다, 도발하다",,,,,,,,,,,,
proximity,"근접, 가까움",,,,,,,,,,,,
punctuation,"구두점, 문장 부호",,,,,,,,,,,,
raft,"뗏목, 다수, 뗏목을 만들다",,,,,,,,,,,,
rearrange,"재배열하다, 재정리하다",,,,,,,,,,,,
reassure,"안심시키다, 확신시키다",,,,,,,,,,,,
reciprocation,"상호 호혜, 보답",,,,,,,,,,,,
reed,갈대,,,,,,,,,,,,
regime,"정권, 체제",,,,,,,,,,,,
remodel,"개조하다, 재구성하다",,,,,,,,,,,,
renaissance,"르네상스, 부흥",,,,,,,,,,,,
repay,"갚다, 보답하다",,,,,,,,,,,,
repetition,반복,,,,,,,,,,,,
restructure,"재구조화하다, 구조조정하다",,,,,,,,,,,,
revitalization,"재활성화, 재생",,,,,,,,,,,,
rotation,"회전, 순환",,,,,,,,,,,,
sacred,"신성한, 성스러운",,,,,,,,,,,,
sail,"돛, 항해하다",sailor,선원,,,,,,,,,,
satiety,"포만감, 물림",,,,,,,,,,,,
saucer,받침접시,,,,,,,,,,,,
scope,"범위, 여지",,,,,,,,,,,,
scribble,"휘갈기다, 갈겨쓰다, 낙서",,,,,,,,,,,,
sedentary,"앉아 있는, 정착성의",,,,,,,,,,,,
sentiment,"감정, 정서",,,,,,,,,,,,
sidewalk,"인도, 보도",,,,,,,,,,,,
slam,"쾅 닫다, 강타하다, 쿵 소리",,,,,,,,,,,,
slice,"조각, 얇은 조각, 얇게 자르다",,,,,,,,,,,,
slide,"미끄러지다, 활주하다, 미끄럼틀",,,,,,,,,,,,
sore,"아픈, 쓰린, 상처",,,,,,,,,,,,
speeding,"과속, 과속하는",,,,,,,,,,,,
sportscaster,스포츠 해설가,,,,,,,,,,,,
stain,"얼룩지다, 얼룩",,,,,,,,,,,,
staple,"주요 산물, 주요 식품, 고정하다",,,,,,,,,,,,
stationery,문구류,,,,,,,,,,,,
stratosphere,성층권,,,,,,,,,,,,
stripe,"줄무늬, 줄무늬를 넣다",,,,,,,,,,,,
supplement,"보충, 부록, 보충하다",,,,,,,,,,,,
surge,"급증, 파도, 급등하다",,,,,,,,,,,,
surpass,"능가하다, 뛰어넘다",,,,,,,,,,,,
swell,"부풀다, 팽창하다, 부기",,,,,,,,,,,,
telescope,망원경,telephone,전화,telegraph,전신,television,텔레비전,,,,,,
terrain,"지형, 지역",,,,,,,,,,,,
topography,"지형, 지형도",,,,,,,,,,,,
tranquility,"평온, 고요",,,,,,,,,,,,
trunk,"나무의 몸통, 여행용 가방",,,,,,,,,,,,
unattractive,"매력 없는, 매력적이지 않은",,,,,,,,,,,,
unbiased,"편견 없는, 공정한",,,,,,,,,,,,
uncommon,"드문, 흔치 않은",,,,,,,,,,,,
uncontrollable,통제할 수 없는,,,,,,,,,,,,
unending,"끝없는, 끊임없는",,,,,,,,,,,,
unfulfilled,"충족되지 않은, 이행되지 않은",,,,,,,,,,,,
unload,"짐을 내리다, 내려놓다",,,,,,,,,,,,
unmarked,"표시되지 않은, 눈에 띄지 않는",,,,,,,,,,,,
unplanned,"계획되지 않은, 즉흥적인",,,,,,,,,,,,
unreasonable,"불합리한, 무리한",,,,,,,,,,,,
unrelated,"관련 없는, 무관한",,,,,,,,,,,,
unruly,"통제할 수 없는, 제멋대로 구는",,,,,,,,,,,,
unsold,"팔리지 않은, 재고로 남은",,,,,,,,,,,,
unsure,"확신 없는, 불안한",,,,,,,,,,,,
unwanted,"원치 않은, 필요 없는",,,,,,,,,,,,
vanish,"사라지다, 없어지다",,,,,,,,,,,,
vendor,"판매자, 노점상",,,,,,,,,,,,
verification,"확인, 검증",,,,,,,,,,,,
vertical,"수직의, 세로의, 수직으로",vertically,수직으로,,,,,,,,,,
vigilant,"경계하는, 조심하는",,,,,,,,,,,,
virus,바이러스,,,,,,,,,,,,
whistle,"휘파람 불다, 호각",,,,,,,,,,,,
wicked,"사악한, 부도덕한",,,,,,,,,,,,
wipe,"닦다, 지우다, 닦기",,,,,,,,,,,,
wither,"시들다, 쇠퇴하다, 시든",,,,,,,,,,,,
wok,"웍, 중식용 팬",,,,,,,,,,,,
wound,"상처, 부상, 상처를 입히다",wounded,부상당한,,,,,,,,,,
wreck,"난파, 파손시키다",,,,,,,,,,,,
yearn,"갈망하다, 동경하다",,,,,,,,,,,,
abolish,폐지하다,abolitionist,폐지론자,,,,,,,,,,
abound,풍부하다,,,,,,,,,,,,
acute,"급성의, 예리한",,,,,,,,,,,,
advent,"출현, 도래",,,,,,,,,,,,
aerodynamics,공기역학,,,,,,,,,,,,
affirmative,"긍정적인, 긍정적인 답변",,,,,,,,,,,,
affluent,"부유한, 풍부한",,,,,,,,,,,,
agonize,"괴로워하다, 고민하다",,,,,,,,,,,,
airborne,"공중에 떠 있는, 비행 중인",,,,,,,,,,,,
alga,"조류 (식물), 녹조",,,,,,,,,,,,
align,"나란히 하다, 조정하다",alignment,정렬,,,,,,,,,,
allegory,"우화, 풍유",,,,,,,,,,,,
alleviate,(고통 등을) 완화하다,,,,,,,,,,,,
anonymity,"익명, 익명성",,,,,,,,,,,,
antagonistic,적대적인,,,,,,,,,,,,
antisocial,반사회적인,,,,,,,,,,,,
antithetical,"대조적인, 정반대의",,,,,,,,,,,,
applause,"박수, 갈채, 박수를 보내다",,,,,,,,,,,,
apprentice,"견습생, 수습, 수습하다",,,,,,,,,,,,
aquaculture,"양식업, 수경 재배",,,,,,,,,,,,
arbitrary,"임의적인, 제멋대로의",,,,,,,,,,,,
array,"배열, 집합체, 배열하다",,,,,,,,,,,,
ascribe,~에 귀속시키다,,,,,,,,,,,,
ash,"재, 화산재",,,,,,,,,,,,
astonish,깜짝 놀라게 하다,,,,,,,,,,,,
astound,"크게 놀라게 하다, 경악시키다",,,,,,,,,,,,
atlantic,"대서양의, 대서양",,,,,,,,,,,,
augmented,"증가된, 확장된",,,,,,,,,,,,
avail,"소용되다, 도움이 되다, 이익",,,,,,,,,,,,
aviation,"항공, 비행",,,,,,,,,,,,
awry,"비뚤어진, 잘못된",,,,,,,,,,,,
axiom,자명한 이치,,,,,,,,,,,,
biodegradable,생분해성의,,,,,,,,,,,,
bizarre,"기이한, 이상한",,,,,,,,,,,,
blast,"폭발, 폭파, 폭파하다",,,,,,,,,,,,
blunt,"무딘, 솔직한",,,,,,,,,,,,
brag,"자랑하다, 떠벌리다",,,,,,,,,,,,
bribe,"뇌물, 뇌물을 주다, 매수하다",,,,,,,,,,,,
bulk,"대부분, 대량, 부피를 늘리다",,,,,,,,,,,,
bureaucrat,"관료, 관료적인",,,,,,,,,,,,
candid,"솔직한, 거리낌 없는, 자연스러운",,,,,,,,,,,,
carnivore,육식 동물,,,,,,,,,,,,
castigate,"혹평하다, 징계하다",,,,,,,,,,,,
cathedral,대성당,,,,,,,,,,,,
chastity,"정절, 순결",,,,,,,,,,,,
chin,"턱, 턱 부분",,,,,,,,,,,,
christianity,기독교,,,,,,,,,,,,
chronically,만성적으로,,,,,,,,,,,,
condense,"응축하다, 요약하다",,,,,,,,,,,,
cone,"원뿔, 원뿔형으로 만들다",,,,,,,,,,,,
congestion,"혼잡, 교통 체증",,,,,,,,,,,,
consignment,"위탁, 송부",,,,,,,,,,,,
conspicuous,"눈에 띄는, 뚜렷한",,,,,,,,,,,,
contemplate,"심사숙고하다, 고려하다",,,,,,,,,,,,
contempt,"경멸, 멸시, 경멸하다",,,,,,,,,,,,
contextual,"맥락의, 상황에 따른",,,,,,,,,,,,
controversial,"논란이 되는, 논쟁의 여지가 있는",,,,,,,,,,,,
cuddle,"껴안다, 포옹하다, 포옹",,,,,,,,,,,,
curse,"저주, 저주하다",,,,,,,,,,,,
dangle,"매달리다, 늘어지다",,,,,,,,,,,,
decay,"부패, 부식, 부패하다",,,,,,,,,,,,
deceit,"기만, 사기",,,,,,,,,,,,
decency,"품위, 예절",,,,,,,,,,,,
decry,"비난하다, 매도하다",,,,,,,,,,,,
deduce,"추론하다, 연역하다",,,,,,,,,,,,
deem,"~라고 여기다, 판단하다",,,,,,,,,,,,
delegation,"대표단, 위임",,,,,,,,,,,,
designate,"지정하다, 지정된",,,,,,,,,,,,
detached,"분리된, 동떨어진",,,,,,,,,,,,
detrimental,해로운,,,,,,,,,,,,
devastate,황폐화하다,,,,,,,,,,,,
devour,게걸스럽게 먹다,,,,,,,,,,,,
diplomatic,"외교적인, 외교의",,,,,,,,,,,,
discursively,"산만하게, 두서없이",,,,,,,,,,,,
disorient,"혼란시키다, 혼란스럽게 하다",,,,,,,,,,,,
disprove,"틀렸음을 입증하다, 반박하다",,,,,,,,,,,,
ditch,"도랑, 버리다, 떠나다",,,,,,,,,,,,
divert,"방향을 바꾸다, (관심을) 딴 데로 돌리다",,,,,,,,,,,,
