단어,의미,파생어1,파생어1 뜻,파생어2,파생어2 뜻,파생어3,파생어3 뜻,파생어4,파생어4 뜻,파생어5,파생어5 뜻,파생어6,파생어6 뜻
the,그 (특정한 사람·사물 지칭),,,,,,,,,,,,
be,"존재하다, 있다, ~이다",,,,,,,,,,,,
of,"~의, ~로부터",,,,,,,,,,,,
a,"하나의, 어떤(불특정한 사람·사물 지칭)",,,,,,,,,,,,
to,"~로, ~에게",,,,,,,,,,,,
and,"그리고, 그러면",,,,,,,,,,,,
in,"~안에, ~중에, ~뒤에",,,,,,,,,,,,
that,"그것, 저것, 그, 저, 그 정도로, ~라는",,,,,,,,,,,,
for,"~을 위해, ~동안, ~때문에",,,,,,,,,,,,
it,그것,,,,,,,,,,,,
have,"가지다, ~하게 하다",,,,,,,,,,,,
as,"~때문에, ~하면서, ~로서, ~처럼, 만큼",,,,,,,,,,,,
not,~가 아닌,,,,,,,,,,,,
with,"~와 함께, ~을 가지고, ~가 있다면",,,,,,,,,,,,
on,"~위에, ~에 관하여, 계속",onto,"~위로, ~에 대해",ongoing,"진행 중인, 계속되는",onward,앞으로,onboard,탑승한,,,,
or,"또는, 그렇지 않으면",,,,,,,,,,,,
this,"이, 이것, 이 정도로",,,,,,,,,,,,
can,"~할 수 있다, ~해도 된다 , 깡통",,,,,,,,,,,,
do,"~하다, 충분하다",,,,,,,,,,,,
by,"~옆에, ~까지, ~에 의해",,,,,,,,,,,,
from,"~로 부터, ~에서",,,,,,,,,,,,
at,"~에, ~에서, 딱, 정확히",,,,,,,,,,,,
but,그러나,,,,,,,,,,,,
more,"더, 더욱, 더 많은",moreover,"더욱이, 게다가",,,,,,,,,,
one,"하나의, 하나, 것",oneness,"일체감, 통일성",oneself,자신,one-way,"일방향의, 일방향으로",,,,,,
when,"~할 때, 언제",whenever,~할 때마다,,,,,,,,,,
how,"어떻게, 얼마나",however,"그러나, 아무리 ~라 할지라도",,,,,,,,,,
people,"사람들, 민족",,,,,,,,,,,,
what,"무엇, 어떤, 얼마나",whatever,"무엇이든, 어떤 ~라도",,,,,,,,,,
will,"~일 것이다, 의지, 뜻",,,,,,,,,,,,
other,"다른, 다른 것",,,,,,,,,,,,
time,"시간, 때, 시간을 정하다",timely,"시기적절한, 때마침",time-consuming,시간이 많이 드는,timeframe,시간 범위,timeline,시간표,timeout,타임아웃,timetable,시간표
than,~보다,,,,,,,,,,,,
all,"모든, 전부",,,,,,,,,,,,
use,"사용하다, 쓰다, 사용, 용도",useful,유용한,usefulness,유용성,useless,쓸모없는,user,사용자,misuse,"오용하다, 남용하다",,
some,"일부의, 몇몇의, 일부, 몇몇, 약간",somehow,어떻게든,something,무언가,somewhat,"다소, 약간",,,,,,
if,"만약 ~라면, 인지 아닌지, 변수",,,,,,,,,,,,
about,"~에 대하여, 대략",,,,,,,,,,,,
good,"좋은, 잘, 영원히, 선, 이득",goodness,선함,goodwill,호의,,,,,,,,
work,"일하다, 작동하다, 효과가 있다, 일, 작품",workable,실행 가능한,workforce,노동력,workload,작업량,workout,"운동, 운동하다",workspace,작업 공간,workshop,"작업장, 공방"
know,"알다, 이해하다",knowledge,지식,knowledgeable,박식한,,,,,,,,
so,"매우, 그래서, 그래서",,,,,,,,,,,,
who,"누구, ~한 사람",,,,,,,,,,,,
would,"~일 것이다, ~하곤 했다",,,,,,,,,,,,
new,"새로운, 새롭게",newly,새로,newborn,비시각적인,newcomer,신입,,,,,,
which,"어느, 어떤, 어느 것",,,,,,,,,,,,
like,"좋아하다, ~처럼, 유사한",likely,~할 것 같은,likable,호감 가는,likelihood,가능성,likewise,마찬가지로,likeness,"유사, 닮음",,
there,"거기에, 그곳에, (존재를 나타내어) 있다",,,,,,,,,,,,
take,"가져가다, 받다",,,,,,,,,,,,
no,"어떤 ~도 아니다, 아니다",nobody,"아무도, ~아닌",,,,,,,,,,
most,"가장, 대부분, 대부분의, 대부분",mostly,대부분,,,,,,,,,,
way,"방법, 길",,,,,,,,,,,,
out,"밖으로, ~밖에, 바깥의",outward,"밖으로, 외부의",outer,"외부의, 바깥의",outdoor,야외의,outside,"~밖에, 외부의, 밖에, 외부",,,,
up,"위로, 상승하여, ~위에, 위쪽의, 올리다",,,,,,,,,,,,
may,"~일지도 모른다, 허락하다",,,,,,,,,,,,
life,"삶, 인생",lifelong,평생의,lifesaving,생명을 구하는,lifespan,수명,lifestyle,생활 방식,lifetime,수명,lifeguard,안전요원
only,"단지, 오직, 유일한",,,,,,,,,,,,
act,"행동하다, 연기하다, 행동, 법안",active,활동적인,actively,적극적으로,activity,활동,action,행동,actor,배우,activate,활성화하다
study,"연구하다, 공부하다, 공부, 연구",studious,열심인,student,학생,,,,,,,,
into,~안으로,,,,,,,,,,,,
produce,"생산하다, 산물",producer,생산자,product,"제품, 산물",production,생산,productive,생산적인,productively,생산적으로,productivity,생산성
get,"얻다, 도달하다, ~하게 되다, ~하게 하다",,,,,,,,,,,,
go,"가다, 진행되다, ~되다",,,,,,,,,,,,
say,"말하다, 말, 발언",saying,"속담, 격언",,,,,,,,,,
think,"생각하다, 고민하다, 여기다",thinker,사상가,thinking,사고,,,,,,,,
see,"보다, 이해하다",,,,,,,,,,,,
many,"많은, 많은 사람들",,,,,,,,,,,,
differ,"다르다, 차이가 있다",difference,차이,different,다른,differently,다르게,differential,차등의,differentiate,구별하다,differentiation,"차별, 구별"
need,"필요로 하다, 필요",needy,궁핍한,,,,,,,,,,
find,"찾다, 알게 되다",,,,,,,,,,,,
become,~이 되다,,,,,,,,,,,,
such,"그런, 그러한, 그런 것",,,,,,,,,,,,
well,"잘, 건강한, 좋아!, 우물",wellness,웰빙,well-being,복지,well-known,잘 알려진,well-defined,명확히 정의된,,,,
child,"아이, 어린이",childhood,어린 시절,childlike,순진한,,,,,,,,
real,"현실적인, 진짜의",really,정말로,realistic,현실적인,realism,현실주의,reality,현실,realize,깨닫다,realization,깨달음
world,"세계, 세상",worldwide,전 세계적으로,,,,,,,,,,
human,"인간, 인간의, 인간적인",humanity,인류,humankind,인류,human-made,인공의,,,,,,
art,"예술, 기술",artistic,예술적인,artist,예술가,artistry,예술적 기량,artwork,예술 작품,artefact,"인공유물, 유물",artificial,"인공의, 인조의"
even,"심지어, 균일한, 대등한",evenly,고르게,,,,,,,,,,
also,또한,,,,,,,,,,,,
change,"바꾸다, 변화하다, 변화, 잔돈",changeable,변하기 쉬운,changed,바뀐,changes,변화들,changing,변화하는,,,,
should,~해야 한다,,,,,,,,,,,,
give,"주다, 내다",giveaway,경품,,,,,,,,,,
feel,느끼다,,,,,,,,,,,,
could,"~할 수 있(었)다, ~일지도 모른다",,,,,,,,,,,,
because,~때문에,,,,,,,,,,,,
great,"훌륭한, 큰, 매우",greatly,크게,greatness,위대함,,,,,,,,
create,"창조하다, 만들다",creation,창조,creator,창조자,creative,창의적인,creatively,창의적으로,creativity,창의성,creature,생물
over,"~위에, 넘어서, 끝나고, 지나친",overly,과도하게,overtourism,관광 과잉,overweight,"과체중의, 과체중",overflow,"넘쳐흐르다, 범람",overeat,과식하다,overabundant,"과다한, 과잉의"
then,"그러면, 그때, 당시의",,,,,,,,,,,,
come,"오다, 되다, 생겨나다",,,,,,,,,,,,
high,"높은, 높게, 높이",high-end,고급의,high-quality,고품질의,high-yield,고수익의,high-tech,첨단 기술의,highway,고속도로,highlight,"강조하다, 돋보이게 하다, 주요 내용"
look,"보다, 보이다, 모습, 표정",,,,,,,,,,,,
group,"그룹, 집단, 모으다, 그룹화하다",,,,,,,,,,,,
social,"사회의, 사교파티",sociable,사교적인,sociability,사교성,socially,사회적으로,socialize,교류하다,socialization,사회화,,
culture,"문화, 배양하다",cultural,문화의,culturally,문화적으로,,,,,,,,
first,"먼저, 첫 번째의, 첫 번째",,,,,,,,,,,,
day,"날, 하루, 낮에",daylight,일광,daytime,낮 시간,day-to-day,일상적인,,,,,,
experience,"경험, 체험, 경험하다",experienced,경험 많은,inexperienced,미숙한,,,,,,,,
own,"소유하다, 자신의",owner,소유자,ownership,소유권,,,,,,,,
learn,"배우다, 알게 되다",learned,박식한,learner,학습자,learning,학습,,,,,,
write,"쓰다, 기록하다, 작성하다",writer,작가,rewrite,다시 쓰다,,,,,,,,
just,"단지, 방금, 공정한",justice,정의,justify,"정당화하다, 변명하다",justification,정당화,,,,,,
play,"놀다, 연주하다, 놀이, 연극",player,선수,playful,장난기 있는,playground,운동장,playhouse,극장,playmate,놀이 친구,playoff,플레이오프
natural,"자연의, 자연스러운, 자연스럽게",naturally,자연스럽게,naturalist,자연주의자,nature,자연,,,,,,
place,"장소, 위치, 놓다, 두다",,,,,,,,,,,,
develop,"개발하다, 성장하다",developed,발달한,development,발전,developmental,발달의,,,,,,
important,중요한,importance,중요성,importantly,중요하게,,,,,,,,
often,자주,,,,,,,,,,,,
show,"보여주다, 드러내다, 쇼, 전시",showcase,진열장,,,,,,,,,,
help,"돕다, 도움이 되다, 도움",helpful,도움이 되는,helper,조수,helpless,무력한,helplessness,무력감,,,,
much,"많이, 많은, 많은 것",,,,,,,,,,,,
through,"~통과하여, 통해",throughout,도처에,,,,,,,,,,
where,"어디에, ~하는 곳, 장소",whereas,반면에,whereby,~에 의하여,wherever,"~하는 곳은 어디든, 어디에서나",,,,,,
between,"~사이에, 사이에",,,,,,,,,,,,
each,"각각의, 각각",,,,,,,,,,,,
example,"예, 예시",exemplar,모범,,,,,,,,,,
long,"간절히 바라다, 긴, 오래된, 오래",longing,갈망,longevity,"장수, 장기",long-term,장기적인,long-lasting,오래 지속되는,long-range,"장거리의, 장기적인",,
problem,"문제, 어려움",problematic,문제가 되는,problem-solving,문제 해결,,,,,,,,
same,"같은, 같은 것",,,,,,,,,,,,
after,"~후에, ~한 후에, 뒤에",afterward,그 후에,,,,,,,,,,
mean,"의미하다, 비열한, 인색한, 평균",meaning,의미,meaningful,의미 있는,meaningless,무의미한,means,수단,,,,
why,"왜, 왜냐하면, 이유",,,,,,,,,,,,
food,"음식, 식량",,,,,,,,,,,,
right,"옳은, 오른쪽의, 권리, 오른쪽, 정확히",righteous,"의로운, 정의로운",,,,,,,,,,
thing,"것, 물건",,,,,,,,,,,,
large,"큰, 광대한",largely,"대체로, 주로",,,,,,,,,,
while,"~동안, ~반면, 잠시, 어느 정도",,,,,,,,,,,,
understand,이해하다,understandable,이해할 수 있는,misunderstanding,오해,,,,,,,,
very,"매우, 아주",,,,,,,,,,,,
increase,"증가하다, 늘리다, 증가",increasing,증가하는,increasingly,점점 더,,,,,,,,
individual,"개인의, 개별적인, 개인",individually,개별적으로,individuality,"개성, 독창성",individualism,개인주의,individualize,개별화하다,,,,
now,"지금, 이제, 현재의",nowadays,"요즘, 요새",,,,,,,,,,
process,"과정, 절차, 처리하다",proceed,진행하다,procedure,절차,reprocess,재처리하다,,,,,,
school,"학교, 학파",,,,,,,,,,,,
want,"원하다, 필요로 하다, 욕구",wanted,수배중인,,,,,,,,,,
any,"어떤, 아무, 어떤 것, 아무",,,,,,,,,,,,
fact,"사실, 실제",factual,사실의,factor,"요인, 요소",,,,,,,,
move,"움직이다, 이사하다, 움직임",movement,"움직임, 사회운동",,,,,,,,,,
result,"결과, 성적, 결과로 생기다",resultant,결과로 생긴,,,,,,,,,,
idea,"생각, 아이디어",,,,,,,,,,,,
ask,"묻다, 요청하다",asker,질문자,,,,,,,,,,
too,"또한, 너무",,,,,,,,,,,,
word,"단어, 말, 약속",,,,,,,,,,,,
read,"읽다, 해석하다",reader,독자,reading,독서,readership,독자층,,,,,,
behavior,"행동, 태도",behavioral,행동의,behave,"행동하다, 처신하다",,,,,,,,
performance,"실적, 성과, 공연, 수행",perform,"수행하다, 공연하다",performer,연기자,,,,,,,,
familiar,"친숙한, 익숙한",familiarity,친숙함,family,가족,,,,,,,,
age,"나이, 시대, 나이를 먹다",aging,노화,anti-aging,노화 방지의,,,,,,,,
communicate,"의사소통하다, 전달하다",communication,의사소통,communicative,의사소통하는,communicator,의사소통자,community,공동체,,,,
effect,"결과, 효과",effective,효과적인,effectively,효과적으로,effectiveness,효과성,,,,,,
vary,"다양하다, 변경하다",various,다양한,variable,변수의,variability,변동성,variation,변형,variety,다양성,variant,변종
able,할 수 있는,ability,능력,inability,무능력,,,,,,,,
before,"~전에, ~하기 전에, 이전에",,,,,,,,,,,,
late,"늦은, 지각한, 늦게",lately,최근에,later,"나중에, 이후의",,,,,,,,
try,"시도하다, 노력하다, 재판",,,,,,,,,,,,
call,"부르다, 전화하다, 전화",,,,,,,,,,,,
class,"수업, 학급, 분류, 계층, 분류하다",classic,고전적인,classical,고전적인,,,,,,,,
another,"또 다른, 또 다른 것",,,,,,,,,,,,
basic,"기본적인, 기초의, 기초",basically,기본적으로,basis,기초,base,기초,basement,지하실,,,,
lead,"이끌다, 납",leader,리더,leadership,리더십,,,,,,,,
live,"살다, 생방송하다, 살아 있는",lively,활기찬,livelihood,생계,livestock,가축,,,,,,
part,"부분, 역할, 분리하다",partly,부분적으로,partial,부분적인,partition,"분할, 칸막이",partner,"동반자, 파트너",,,,
book,"예약하다, 책",bookmark,책갈피,bookstore,서점,bookcase,책장,,,,,,
teach,가르치다,teacher,교사,,,,,,,,,,
hand,"건네주다, 손",handy,"편리한, 유용한",handful,"한 줌, 소수",hands-on,"실습의, 직접 체험하는",handmade,"수제의, 손으로 만든",handle,"다루다, 처리하다, 손잡이",,
provide,"제공하다, 공급하다",provider,공급자,provision,제공,provisional,임시의,,,,,,
value,"가치, 값, 평가하다",valuable,가치 있는,,,,,,,,,,
believe,믿다,belief,믿음,believable,믿을 수 있는,believer,신봉자,,,,,,
add,"더하다, 추가하다",addition,추가,additional,추가의,additionally,추가로,addiction,중독,addict,중독자,,
environment,환경,environmental,환경의,environmentally,환경적으로,environmentalist,환경운동가,environment-friendly,환경 친화적인,,,,
decide,"결정하다, 결심하다",decision,결정,decisive,결정적인,decision-making,의사결정,,,,,,
keep,"유지하다, 지키다, 보관하다",,,,,,,,,,,,
must,"~해야 한다, ~임이 틀림없다, 필수품",,,,,,,,,,,,
without,"~없이, ~가 없다면",,,,,,,,,,,,
both,"둘 다, 둘 다",,,,,,,,,,,,
grow,"자라다, 성장하다, 늘다",growth,"성장, 증대",,,,,,,,,,
might,"~일지도 모른다, 힘",,,,,,,,,,,,
begin,시작하다,beginner,초보자,beginning,시작,,,,,,,,
water,"물, 물을 주다",,,,,,,,,,,,
form,"형태, 서식, 형성하다",formally,공식적으로,formal,공식적인,informal,비공식적인,,,,,,
scientific,과학적인,scientism,과학주의,,,science,과학,scientist,과학자,,,,
consider,"고려하다, 간주하다, 여기다",considerable,상당한,considerably,상당히,consideration,고려,reconsider,재고하다,,,,
respond,"응답하다, 반응하다",response,반응,respondent,응답자,responsive,"민감한, 반응하는",,,,,,
seem,"~인 것 같다, ~처럼 보인다",seemingly,겉보기에,,,,,,,,,,
lose,"잃다, 지다",loser,패자,loss,손실,,,,,,,,
city,도시,citizen,시민,citizenship,시민권,,,,,,,,
small,"작은, 적은",,,,,,,,,,,,
emotion,"감정, 정서",emotional,감정적인,emotionally,감정적으로,,,,,,,,
start,"시작하다, 시작",startup,창업,,,,,,,,,,
always,항상,,,,,,,,,,,,
present,"현재의, 선물, 제출하다, 보여주다",presence,존재,presentation,발표,,,,,,,,
sense,"감각, 느끼다",sensibility,감수성,sensible,분별력 있는,sensitive,민감한,sensitivity,민감성,sensor,센서,sensory,감각의
easy,"쉬운, 편안한, 쉽게",easily,쉽게,ease,"편의, 편해지다",,,,,,,,
require,"요구하다, 필요로 하다",requirement,요구사항,,,,,,,,,,
object,"물체, 대상, 반대하다",objective,"객관적인, 목표",objectively,객관적으로,objectivity,객관성,objection,반대,,,,
please,"기쁘게 하다, 제발",pleasant,기분 좋은,pleased,기쁜,pleasurable,즐거운,pleasure,즐거움,,,,
down,"아래로, 아래에, 우울한, 하락",downgrade,강등하다,downtown,시내,downward,하락하는,downstream,하류의,downhill,내리막으로,,
society,"사회, 사회적인",societal,사회의,sociologist,사회학자,sociology,사회학,socio-economic,사회경제적인,,,,
event,"사건, 행사",eventually,결국,,,,,,,,,,
back,"dj. 뒤의, 뒤로, 뒤쪽, 등, 되돌리다",backward,뒤로,,,,,,,,,,
less,"더 적은, 덜",lessen,줄이다,,,,,,,,,,
let,"허락하다, ~하게 하다",,,,,,,,,,,,
around,"주위에, ~주변에",,,,,,,,,,,,
simple,"단순한, 간단한, 단순히",simplicity,단순함,simplify,단순화하다,simply,단순히,,,,,,
tell,"말하다, 알려주다",,,,,,,,,,,,
free,"자유로운, 무료의, ~가 없는, 무료로, 해방하다",freedom,자유,freely,자유롭게,freeway,고속도로,,,,,,
country,"나라, 시골",countryside,시골,,,,,,,,,,
leave,"떠나다, 남기다, 휴가",leftover,"남은, 남은 것",,,,,,,,,,
relate,"관련시키다, 이야기하다",related,관련된,relation,관계,relationship,관련성,,,,,,
interest,"관심, 흥미, 관심을 끌다",interested,관심 있는,interesting,흥미로운,interestingly,흥미롭게도,,,,,,
system,"체계, 시스템",systematic,체계적인,systematically,체계적으로,systematize,"체계화하다, 조직화하다",,,,,,
build,"짓다, 구축하다, 건축",building,건물,builder,건축업자,built-in,내장된,,,,,,
every,"모든, 각, 모두",everybody,모든 사람,,,,,,,,,,
research,"연구, 조사, 연구하다",researcher,연구자,,,,,,,,,,
set,"놓다, 설정하다, 세트",setting,설정,set-aside,"떼어두다, 비축하다",,,,,,,,
little,"작은, 조금, 소량",,,,,,,,,,,,
possible,가능한,possibly,아마도,possibility,가능성,,,,,,,,
program,"프로그램, 계획, 계획하다",,,,,,,,,,,,
type,"유형, 종류, 입력하다",typical,전형적인,typically,"일반적으로, 전형적으로",typology,"유형학, 분류학",,,,,,
view,"견해, 전망, 관점, 바라보다, 여기다",viewer,시청자,viewpoint,관점,,,,,,,,
among,~중에,,,,,,,,,,,,
consume,"소비하다, 소모하다",consumer,소비자,consumption,소비,consumable,"소비재, 소모품의",,,,,,
face,"얼굴, 직면하다",facial,얼굴의,face-to-face,"대면하여, 대면의",,,,,,,,
old,"오래된, 나이 든, 노인",old-fashioned,"구식의, 옛날식의",,,,,,,,,,
choose,"선택하다, 고르다",choice,선택,,,,,,,,,,
limit,"제한, 한계, 제한하다",limitation,제한,limited,제한된,limitless,"무한한, 한계 없는",,,,,,
rather,"다소, 오히려, 그렇지만",,,,,,,,,,,,
friendly,"친근한, 호의적인, 친근하게",friendship,"우정, 친교",friend,친구,,,,,,,,
reason,이유,reasonable,합리적인,reasonably,합리적으로,reasoning,추론,,,,,,
area,"지역, 영역",,,,,,,,,,,,
never,결코 ~않다,,,,,,,,,,,,
outcome,"결과, 성과",output,"산출량, 결과",outdated,구식의,outlet,"배출구, 판매망",outline,개요,,,,
few,"거의 없는, 소수의, 소수",,,,,,,,,,,,
point,"점, 요점, 가리키다",pointer,가리키는 것,,,,,,,,,,
practice,"연습, 관습, 연습하다",practical,실용적인,practically,사실상,practitioner,개업의,,,,,,
difficult,"어려운, 힘든",difficulty,어려움,,,,,,,,,,
particular,"특정한, 특별한",particularly,특히,,,,,,,,,,
plant,"식물, 공장, 심다",,,,,,,,,,,,
cause,"원인, 유발하다",causal,인과적인,causality,인과관계,cause-and-effect,인과관계,casualty,사상자,,,,
necessary,"필수적인, 필요한",necessarily,반드시,necessity,필수품,necessitate,"필요로 하다, 요구하다",,,,,,
put,"놓다, 두다",,,,,,,,,,,,
species,"종, 종류",,,,,,,,,,,,
turn,"돌다, 변하다, 회전",,,,,,,,,,,,
allow,허용하다,allowable,허용 가능한,,,,,,,,,,
mind,"마음, 정신, 신경 쓰다",mindful,마음에 두는,mindfulness,마음챙김,mindless,무심한,mindlessly,무심코,mindset,사고방식,,
history,"역사, 연혁",historic,역사적인,historical,역사적인,historically,역사적으로,historian,역사학자,prehistory,선사시대,prehistoric,선사시대의
tend,"~하는 경향이 있다, 돌보다",tendency,경향,,,,,,,,,,
TRUE,"진실된, 사실인",truly,"진정으로, 정말로",,,,,,,,,,
direct,"직접적인, 지시하다, 이끌다",direction,방향,directly,직접적으로,director,감독,,,,,,
hear,"듣다, 청취",,,,,,,,,,,,
home,"집, 집으로",homeless,집 없는,homemade,집에서 만든,hometown,고향,homework,숙제,,,,
technology,기술,technological,기술의,technologist,기술 전문가,,,,,,,,
follow,"따르다, 뒤를 잇다, 추종",follower,추종자,following,~다음에,follow-up,"후속 조치, 후속의",,,,,,
close,"닫다, 가까워지다, 가까운, 가까이, 종결",closely,면밀히,closeness,친밀감,,,,,,,,
spend,"소비하다, 쓰다",spending,"지출, 소비",,,,,,,,,,
include,"포함하다, 포함시키다",inclusion,포함,inclusive,포괄적인,inclusivity,포용성,,,,,,
share,"공유하다, 분담",shared,공유된,shareholder,주주,,,,,,,,
sure,"확실한, 확실히",surely,확실히,,,,,,,,,,
buy,"사다, 구매",,,,,,,,,,,,
manage,"관리하다, 운영하다, 간신히 해내다",manageable,다룰 수 있는,management,경영,manager,관리자,,,,,,
physical,"물리적인, 신체적인",physical,신체의,physically,신체적으로,physician,의사,physicist,물리학자,physics,물리학,,
state,"상태, 국가, 진술하다",statement,진술,,,,,,,,,,
bad,"나쁜, 나쁘게, 단점",badly,심하게,,,,,,,,,,
expect,"기대하다, 예상하다",expectation,기대,expectancy,기대,,,,,,,,
identify,"식별하다, 확인하다",identity,정체성,identical,동일한,identification,신원 확인,identifiable,"식별 가능한, 확인할 수 있는",,,,
power,"힘, 권력, 동력을 공급하다",powerful,강력한,powerfully,강력하게,,,,,,,,
bring,"가져오다, 초래하다",,,,,,,,,,,,
future,"미래, 장래",futuristic,"미래적인, 첨단의",,,,,,,,,,
member,"구성원, 회원",membership,회원 자격,,,,,,,,,,
paint,"칠하다, 그리다, 페인트",painter,화가,painting,"그림, 회화",,,,,,,,
company,"회사, 동료, 동행하다",companion,동반자,,,,,,,,,,
early,"일찍, 초기의, 앞선",,,,,,,,,,,,
end,"끝, 끝내다",endless,끝없는,ending,결말,,,,,,,,
last,"지속되다, 마지막의, 마지막",lasting,지속되는,,,,,,,,,,
today,"오늘, 오늘",,,,,,,,,,,,
young,"젊은, 젊은이",youth,"청소년기, 젊음",,,,,,,,,,
hold,"잡다, 개최하다, 소지",,,,,,,,,,,,
public,"공공의, 대중의, 대중, 공공",publication,출판,publicize,홍보하다,,,,,,,,
discover,발견하다,discovery,발견,,,,,,,,,,
enjoy,즐기다,enjoyable,즐거운,enjoyment,즐거움,,,,,,,,
medium,"매체, 수단 (복수형 media), 중간의",,,,,,,,,,,,
since,"~때문에, ~이래로, ~부터",,,,,,,,,,,,
case,"경우, 사례",,,,,,,,,,,,
cost,"비용, 비용이 들다",costly,비용이 많이 드는,cost-effective,비용 효율적인,,,,,,,,
during,~동안,,,,,,,,,,,,
eat,"먹다, 식사하다",,,,,,,,,,,,
role,역할,,,,,,,,,,,,
success,성공,successful,성공적인,successfully,성공적으로,successive,연속적인,succeed,성공하다,,,,
certain,"특정한, 확실한",certainly,확실히,certainty,확실성,,,,,,,,
off,"떨어져, ~에서 벗어난",,,,,,,,,,,,
open,"열린, 열다, 열리다, 시작하다",opening,개장,openly,공개적으로,openness,개방성,open-minded,열린 마음의,,,,
percentage,"백분율, 비율",,,,,,,,,,,,
personal,"개인적인, 사적인",personally,개인적으로,personality,성격,personnel,직원,person,사람,,,,
control,"통제하다, 지배하다, 통제",controllable,통제 가능한,,,,,,,,,,
participate,"참여하다, 참가하다",participant,참가자,participation,참여,,,,,,,,
therefore,"그러므로, 따라서",thereby,그것으로 인해,thereafter,그 후에,,,,,,,,
away,"떨어져, 멀리, 부재 중",,,,,,,,,,,,
benefit,"혜택, 이익, 수당, 이익을 얻다",beneficial,유익한,,,,,,,,,,
offer,"제공하다, 제안하다, 제안, 제공",offering,제물,,,,,,,,,,
similar,유사한,similarity,유사성,similarly,비슷하게,,,,,,,,
still,"여전히, 고요한",,,,,,,,,,,,
story,"이야기, 층",storyboard,스토리보드,storyline,줄거리,storyteller,이야기꾼,storytelling,이야기하기,,,,
next,"다음의, 다음에, 다음 사람",,,,,,,,,,,,
origin,"기원, 출처, 유래하다",original,원래의,originally,원래,originality,독창성,originate,유래하다,,,,
land,"땅, 토지, 착륙하다, 얻다",landmark,"랜드마크, 주요 지형지물",landowner,"지주, 토지 소유자",landscape,"풍경, 경치",,,,,,
language,언어,,,,,,,,,,,,
past,"~을 지나, 과거의, 지나간, 과거",pastime,"기분 전환, 오락",,,,,,,,,,
energy,"에너지, 힘",energetic,활기찬,energetically,활기차게,energize,활력을 주다,energy-efficient,에너지 효율적인,,,,
information,정보,inform,알리다,informative,유익한,misinformation,잘못된 정보,,,,,,
job,"직업, 일",,,,,,,,,,,,
train,"훈련하다, 열차로 보내다, 기차, 훈련",trainee,수습생,trainer,트레이너,training,훈련,,,,,,
win,"이기다, 얻다, 승리",winner,승자,,,,,,,,,,
attention,"주의, 관심",attentive,주의 깊은,attentively,"주의 깊게, 집중해서",,,,,,,,
explain,"설명하다, 해명하다",explanation,설명,,,,,,,,,,
image,"이미지, 초상, 상상하다",imagery,"이미지, 비유법",imaginary,상상의,,,,,,,,
skill,"기술, 능숙함",skilled,숙련된,skillful,능숙한,skillfully,능숙하게,,,,,,
economic,"경제의, 경제적인",economical,경제적인,economically,경제적으로,economics,경제학,economist,경제학자,economy,"경제, 경제적인",,
express,"표현하다, 나타내다, 속달의",expression,표현,expressive,표현력있는,,,,,,,,
solve,"풀다, 해결하다",solution,"해결책, 용액",,,,,,,,,,
team,"팀, 조",teammate,팀메이트,teamwork,팀워크,,,,,,,,
focus,"집중하다, 초점을 맞추다, 초점, 집중",,,,,,,,,,,,
order,"순서, 명령, 주문, 주문하다, 명령하다",orderly,질서정연한,,,,,,,,,,
organize,"조직하다, 정리하다",organized,조직된,organizational,조직의,organization,조직,reorganize,재조직하다,,,,
light,"빛, 가벼운, 밝은, 비추다, 밝히다, 가볍게",lightly,가볍게,lighten,밝게 하다,lightbulb,전구,lightning,번개,lighting,조명,lightweight,"가벼운, 경량급 선수"
receive,"받다, 수령하다",receipt,영수증,receiver,"수취인, 수신기",receptive,수용적인,receptor,수용체,recipient,"수혜자, 수령인",,
thus,"그러므로, 따라서",,,,,,,,,,,,
accept,"받아들이다, 수락하다",acceptable,받아들일 수 있는,acceptance,"수락, 승인",accepted,받아들여진,,,,,,
employ,"고용하다, 활용하다",employee,직원,employer,고용주,employment,고용,,,,,,
once,"한 번, 일단 ~하면, 한때",,,,,,,,,,,,
question,"질문, 의문, 질문하다",quest,"탐구, 추구",questionable,의심스러운,questioner,질문자,questionnaire,설문지,,,,
special,"특별한, 특별",specially,특별히,specialize,전문화하다,specialized,전문적인,specialist,전문가,specialty,전문 분야,specialization,전문화
appear,"~인것 처럼 보이다, 나타나다",appearance,외모,,,,,,,,,,
design,"디자인, 설계, 설계하다",designer,디자이너,,,,,,,,,,
happen,"발생하다, 일어나다",,,,,,,,,,,,
sound,"~처럼 들리다, 건전한, 소리",,,,,,,,,,,,
actual,"실제의, 현실의",actually,실제로,actuality,실제,actualize,실현하다,,,,,,
low,"낮은, 적은, 낮게, 하락",lower,낮추다,lowercase,소문자,,,,,,,,
name,"이름, 이름 짓다",namely,즉,,,,,,,,,,
pay,"지불하다, 급여",payment,지불,payoff,"결실, 보상금",,,,,,,,
short,"짧은, 부족한, 짧게",short-term,단기적인,shortsighted,근시안적인,shortage,부족,shorten,줄이다,shortly,곧,shortcut,지름길
universe,"우주, 세계",universal,보편적인,universally,보편적으로,university,대학,,,,,,
common,"일반적인, 공통의",commonly,일반적으로,commonplace,평범한,commonality,"공통점, 일반성",communal,"공동의, 공유의",,,,
custom,"관습, 풍습, 맞춤의",customer,"고객, 손님",customization,맞춤화,customary,관례적인,,,,,,
drive,"운전하다, 추진하다, 운전, 충동",driver,운전사,driverless,무인,drive-in,차를 탄 채 이용하는 곳,,,,,,
hard,"어려운, 단단한, 열심히",hardness,"경도, 단단함",hardwork,근면,hardship,고난,harden,굳어지다,hard-earned,힘들게 번,,
note,"메모, 주목, 주목하다",notion,"관념, 개념",notably,"특히, 두드러지게",notation,"표기법, 기호",noteworthy,주목할 만한,notebook,공책,notetaking,필기
room,"방, 공간",,,,,,,,,,,,
although,~이지만,,,,,,,,,,,,
course,"과정, 강의, 코스",,,,,,,,,,,,
involve,"포함하다, 수반하다",involvement,참여,,,,,,,,,,
service,"서비스, 봉사, 서비스를 제공하다",,,,,,,,,,,,
suggest,"제안하다, 암시하다, 시사하다",suggestion,제안,suggestive,"암시적인, 연상시키는",,,,,,,,
kind,"친절한, 종류",kindly,친절하게,kindness,친절,,,,,,,,
run,"달리다, 운영하다, 달리기, 연속",runoff,"흐르는 물, 결선 투표",,,,,,,,,,
under,"~아래에, 미만으로, 미만의",underground,지하의,underlie,"기초가 되다, 근본이 되다",underwater,"수중의, 물속에서",,,,,,
body,"몸, 단체",bodily,신체의,,,,,,,,,,
define,"정의하다, 규정하다",definition,정의,definite,"명확한, 확실한",definitely,확실히,definitive,확정적인,indefinitely,무기한으로,,
observe,"관찰하다, 준수하다",observer,관찰자,observation,관찰,observational,관찰의,observatory,관측소,observant,관찰력 있는,,
political,"정치의, 정치적인",politician,정치가,politics,정치,,,,,,,,
price,"가격, 대가, 값을 매기다",,,,,,,,,,,,
watch,"보다, 감시하다, 시계, 감시",,,,,,,,,,,,
experiment,"실험, 실험하다",experimental,실험적인,experimenter,"실험자, 시험하는 것",,,,,,,,
break,"깨다, 고장내다, 중단하다, 휴식, 단절",breakdown,고장,breakthrough,돌파구,breakfast,아침 식사,,,,,,
critical,"비판적인, 중대한, 비평가",critically,비판적으로,criticize,비판하다,criticism,비판,critic,비평가,,,,
far,"멀리, 대단히, 먼, 훨씬",,,,,,,,,,,,
game,"게임, 경기, 사냥감, 사나운",,,,,,,,,,,,
soon,"곧, 조만간",,,,,,,,,,,,
above,"~위에, 위에, 위의",,,,,,,,,,,,
challenge,"도전, 과제, 도전하다",challenging,도전적인,,,,,,,,,,
influence,"영향, 영향을 미치다",influencer,인플루언서,influential,영향력 있는,,,,,,,,
major,"주요한, 주된, 전공, 전공하다",majority,과반수,,,,,,,,,,
material,"재료, 자료, 물질의",,,,,,,,,,,,
safe,"안전한, 금고",safely,안전하게,safety,안전,safeguard,보호하다,,,,,,
visit,"방문하다, 방문",visitor,방문객,,,,,,,,,,
brain,"뇌, 지능",brainstorming,브레인스토밍,brainwriting,브레인라이팅,,,,,,,,
center,"중심, 중앙, 집중시키다",central,중심의,centrality,"중심성, 중앙 위치",centralized,중앙집권화된,,,,,,
fail,"실패하다, 낙제하다, 실패",failure,실패,,,,,,,,,,
film,"영화, 필름, 영화 촬영하다",filmic,"영화 같은, 영화의",filmmakers,영화 제작자,,,,,,,,
together,"함께, 함께 하는",,,,,,,,,,,,
whether,"~인지 아닌지, 이든 아니든",,,,,,,,,,,,
within,"~안에, 내부에",,,,,,,,,,,,
market,"시장, 판매하다",marketable,시장성 있는,marketplace,시장,marketing,마케팅,marketer,마케터,,,,
memory,"기억, 기억력",memorable,기억에 남는,memorize,암기하다,memorization,암기,memoir,"회고록, 자서전",,,,
rate,"비율, 요금, 평가하다",ratable,평가 가능한,rating,순위,,,,,,,,
reduce,"줄이다, 감소시키다",reduction,감소,,,,,,,,,,
sign,"표지, 신호, 서명하다, 표시하다",signal,신호,,,,,,,,,,
audience,"청중, 관객",auditory,청각의,audition,오디션,auditorium,강당,audible,들을 수 있는,audiobook,오디오북,,
plan,"계획, 설계, 계획하다",planner,일정표,,,,,,,,,,
store,"상점, 저장, 저장하다",,,,,,,,,,,,
subject,"과목, 주제",subjective,주관적인,subjectivity,주관성,,,,,,,,
again,"다시, 또",,,,,,,,,,,,
instead,대신에,,,,,,,,,,,,
traditional,전통적인,traditionally,"전통적으로, 관례적으로",tradition,"전통, 관습",,,,,,,,
until,"~까지, ~할 때까지",,,,,,,,,,,,
apply,"적용하다, 지원하다",applicant,지원자,application,신청서,applicable,적용 가능한,appliance,가전제품,,,,
character,"성격, 특징, 등장인물, 문자",characteristic,"특징, 특유의",characterize,특징짓다,,,,,,,,
compete,"경쟁하다, 경쟁",competent,유능한,competition,경쟁,,,,,,,,
force,"힘, 군대, 강요하다",,,,,,,,,,,,
usually,"보통, 대개",usual,평소의,,,,,,,,,,
achieve,"이루다, 성취하다",achievement,성취,,,,,,,,,,
measure,"측정, 조치, 측정하다",measurable,측정 가능한,measurement,측정,immeasurable,헤아릴 수 없는,,,,,,
situation,"상황, 형편",situational,상황의,,,,,,,,,,
worry,"걱정하다, 걱정거리",worried,걱정하는,,,,,,,,,,
continue,계속하다,continuous,연속적인,continuously,계속해서,continually,끊임없이,continuation,계속,continuum,연속체,continuity,"연속성, 지속"
imagine,상상하다,imagination,상상력,imaginative,상상력이 풍부한,,,,,,,,
matter,"물질, 문제, 중요하다",,,,,,,,,,,,
record,"기록, 음반, 기록하다",recorder,녹음기,recording,녹음,,,,,,,,
collect,"수집하다, 모으다",collective,집단적인,collectively,집단적으로,collection,수집,collector,수집가,,,,
complete,"완전한, 전체의, 완성하다",completely,완전히,completion,완성,,,,,,,,
draw,"그리다, 끌다, 무승부",drawing,그림,drawback,"단점, 결점",,,,,,,,
evolve,"발전하다, 진화하다",evolution,진화,evolutionary,진화의,,,,,,,,
prefer,"선호하다, 더 좋아하다",preference,선호,,,,,,,,,,
represent,"대표하다, 나타내다",representation,대표,representative,대표자,representational,표현적인,,,,,,
term,용어; 기간; 학기,,,,,,,,,,,,
final,"최종의, 마지막의, 결승전",finally,마침내,finalist,결선 진출자,,,,,,,,
step,"단계, 걸음, 밟다",step-by-step,단계적으로,,,,,,,,,,
fear,"두려움, 공포, 두려워하다",fearful,두려운,fearlessly,두려움 없이,,,,,,,,
general,"일반적인, 전반적인, 장군",generally,일반적으로,generalize,일반화하다,generalization,"일반화, 보편화",,,,,,
level,"수준, 단계, 평평하게 하다",,,,,,,,,,,,
park,"공원, 주차하다",,,,,,,,,,,,
period,"기간, 마침표",periodic,주기적인,periodical,정기간행물,,,,,,,,
extend,"확장하다, 연장하다",extended,연장된,extension,확장,extensive,광범위한,extent,"범위, 정도",,,,
modern,"현대적인, 최신의",modernize,현대화하다,modernization,현대화,modest,겸손한,,,,,,
quickly,빠르게,quick,빠른,quickness,속도,,,,,,,,
answer,"대답, 답변, 대답하다",,,,,,,,,,,,
depend,"의존하다, 달려 있다",dependence,의존,dependency,의존,dependent,의존하는,dependently,의존적으로,,,,
full,"가득 찬, 완전한, 충분히",fully,완전히,full-time,전임의,,,,,,,,
recognize,"인식하다, 인정하다",recognition,인정,recognizable,인식할 수 있는,,,,,,,,
ever,언제든,evergreen,"상록의, 상록수",everlasting,"영원한, 영구적인",,,,,,,,
moment,"순간, 찰나",momentarily,잠시,momentum,운동량,,,,,,,,
moral,"도덕의, 윤리적인, 교훈",morally,도덕적으로,morality,도덕성,moralism,도덕주의,moralist,"도덕가, 윤리주의자",moralistic,도덕적인,,
negative,"부정적인, 부정",negatively,부정적으로,,,,,,,,,,
regard,"간주하다, 관심, 배려",regardless,관계없이,,,,,,,,,,
rule,"규칙, 지배, 지배하다",ruler,통치자,,,,,,,,,,
thought,"생각, 사상",thoughtful,"사려 깊은, 친절한",,,,,,,,,,
travel,"여행하다, 여행",traveler,여행자,,,,,,,,,,
complex,"복잡한, 복합체",complexity,복잡성,,,,,,,,,,
national,"국가의, 국민의, 국민",nation,국가,international,국제적인,,,,,,,,
opportunity,"기회, 찬스",,,,,,,,,,,,
positive,"긍정적인, 긍정",positively,긍정적으로,positivity,긍정성,,,,,,,,
education,"교육, 교양",educational,교육적인,,,,,,,,,,
space,"공간, 우주",spacecraft,우주선,spaceship,우주선,,,,,,,,
strong,"강한, 튼튼한, 강하게",strongly,강하게,,,,,,,,,,
toward,"~쪽으로, ~을 향해",,,,,,,,,,,,
furthermore,"게다가, 더욱이",further,"더 멀리, 게다가 (추상적 거리)",farther,더 멀리 (물리적 거리),,,,,,,,
local,"지역의, 현지의, 주민",locally,지역적으로,locality,지역,localized,지역화된,,,,,,
lot,"다수, 많이",,,,,,,,,,,,
perceive,"인식하다, 파악하다",perception,인식,perceptual,지각의,,,,,,,,
psychology,"심리학, 심리",psychologist,심리학자,psychological,심리적인,psychologically,심리적인,,,,,,
support,"지지하다, 부양하다, 지지, 지원",supporter,지지자,supportive,지지하는,,,,,,,,
construct,"건설하다, 구성하다, 구조물",construction,건설,constructive,건설적인,constructively,건설적으로,reconstruct,재건하다,reconstruction,재건,,
photograph,"사진, 사진을 찍다",photography,사진술,photographer,사진작가,photoelectric,광전의,photon,광자,,,,
project,"프로젝트, 계획, 계획하다, 투영하다",projection,"투영, 예상",projector,프로젝터,,,,,,,,
significant,"중요한, 의미 있는, 상당한",significantly,상당히,significance,중요성,,,,,,,,
surprise,"놀라움, 놀라게 하다",surprised,놀란,surprising,놀라운,surprisingly,놀랍게도,,,,,,
already,"이미, 벌써",,,,,,,,,,,,
avoid,"피하다, 회피하다",avoidance,회피,,,,,,,,,,
concern,"걱정, 관심, 걱정하다",concerned,걱정하는,,,,,,,,,,
house,"집, 가옥, 수용하다, 저장하다",household,"가구, 세대",housework,집안일,housewife,주부,housewarming,집들이,housing,"주택, 주거",,
money,"돈, 화폐",monetary,"금전의, 통화의",,,,,,,,,,
quality,"품질, 질, 양질의",qualitative,질적인,qualitatively,질적으로,,,,,,,,
bear,"참다, 견디다, 곰",,,,,,,,,,,,
generate,"생성하다, 발생시키다",,,generation,세대,generator,발전기,,,,,,
introduce,"소개하다, 도입하다",introduction,소개,,,,,,,,,,
remember,"기억하다, 생각해내다",,,,,,,,,,,,
satisfy,"만족시키다, 충족시키다",satisfied,만족한,satisfying,만족스러운,satisfactory,만족스러운,satisfaction,만족,,,,
attract,"끌다, 매료시키다",attraction,매력,attractive,매력적인,attractiveness,매력,,,,,,
field,"분야, 들판",,,,,,,,,,,,
function,"기능, 역할, 기능하다",functional,기능적인,functionally,기능적으로,functionality,기능성,functioning,기능하는,,,,
hope,"희망, 기대, 희망하다, 바라다",hopeful,희망적인,hopefully,희망적으로,hopeless,절망적인,,,,,,
line,"선, 줄, 선로, 선을 긋다",linear,"선형의, 직선의",lineage,혈통,,,,,,,,
near,"~에 가까이, 거의, 가까운",nearby,가까운,nearly,거의,,,,,,,,
professional,"전문가, 전문적인, 직업의",profession,"직업, 전문직",professor,교수,professionalism,전문성,,,,,,
reach,"도달하다, 닿다",,,,,,,,,,,,
remain,"남다, 여전히 ~이다, 유물, 유적",,,,,,,,,,,,
resource,자원,resourceful,지략이 풍부한는,,,,,,,,,,
sell,"팔다, 판매하다",seller,판매자,,,,,,,,,,
available,"이용 가능한, 사용할 수 있는",availability,가용성,,,,,,,,,,
exist,존재하다,existence,존재,existing,기존의,,,,,,,,
pass,"통과하다, 지나가다, 통과, 패스",passage,통로,passenger,승객,passerby,행인,passing,통과,,,,
protect,"보호하다, 지키다",protection,보호,protective,보호하는,,,,,,,,
sale,"판매, 매출",salesman,판매원,salespeople,판매원들,salesperson,판매원,,,,,,
test,"시험, 검사, 시험하다",testimony,증언,testimonial,"추천서, 증언",,,,,,,,
compose,"구성하다, 작곡하다",composer,작곡가,composite,복합의,composition,구성,component,"구성 요소, 구성의",,,,
demand,"요구(사항), 요구하다",demanding,요구가 많은,,,,,,,,,,
essential,"필수적인, 본질적인, 필수 요소",essentially,본질적으로,essence,"본질, 핵심",,,,,,,,
make,"만들다, 만들어 주다, ~하게 하다",makeup,화장,,,,,,,,,,
theory,이론,theoretical,이론적인,theology,신학,theorist,이론가,,,,,,
biology,생물학,biologist,생물학자,biological,생물학적인,biomass,바이오매스,biometric,생체 인식의,biome,생물 군계,biosphere,생물권
enough,"충분히, 충분한, 충분한 양",,,,,,,,,,,,
head,"머리, 향하다",headache,두통,headline,헤드라인,headquarters,본사,headset,헤드셋,,,,
healthy,"건강한, 건강에 좋은",health,건강,unhealthy,건강에 해로운,,,,,,,,
improve,"개선하다, 향상시키다",improvement,개선,,,,,,,,,,
listen,"듣다, 귀 기울이다",,,,,,,,,,,,
meet,"만나다, 충족시키다, 적합한",meeting,회의,,,,,,,,,,
per,"~당, ~마다",,,,,,,,,,,,
taste,"맛보다, ~한 맛이 나다, 맛",tasty,맛있는,,,,,,,,,,
accord,"합의, 일치, 일치하다",accordingly,그에 따라,accordance,"일치, 준수",according to,~에 따르면,,,,,,
diverse,다양한,diversely,다양하게,diversity,다양성,diversify,"다양화하다, 다각화하다",,,,,,
farm,"농장, 농사를 짓다",farmer,농부,farmhouse,농가,farmland,농경지,,,,,,
piece,"조각, 작품",,,,,,,,,,,,
career,"경력, 직업",,,,,,,,,,,,
carry,"운반하다, 지니다, 운반",carrier,운반자,carriage,마차,,,,,,,,
compare,"비교하다, 비교",comparative,비교의,comparable,비교할 만한,comparison,비교,,,,,,
condition,"조건, 상태, 조절하다",conditioner,컨디셔너,conditioning,조절,,,,,,,,
judge,"판단하다, 심사하다, 판사, 심판",judgment,판단,,,,,,,,,,
population,"인구, 개체수",populate,인구를 이루다,populous,인구가 많은,,,,,,,,
potential,"잠재적인, 가능한, 잠재력",potentially,잠재적으로,potentiality,"잠재력, 가능성",,,,,,,,
relative,"상대적인, 친척",relatively,비교적,relativism,상대주의,relativity,상대성,,,,,,
several,"몇몇의, 여러, 몇몇",,,,,,,,,,,,
concept,"개념, 구상",conception,개념,conceptualize,개념화하다,conceptually,개념적으로,,,,,,
encourage,"격려하다, 장려하다",encouragement,격려,encouraging,격려하는,,,,,,,,
law,"법, 법률",lawyer,변호사,lawful,합법적인,,,,,,,,
position,"위치, 자리, 위치시키다",pose,"제기하다, 자세를 취하다, 자세",positioning,위치 지정,,,,,,,,
structure,"구조, 건축물, 구조화하다",structural,구조적인,structured,구조화된,,,,,,,,
yet,"아직, 하지만",,,,,,,,,,,,
across,"~을 가로질러, 건너서",,,,,,,,,,,,
approach,"접근하다, 접근, 방법",,,,,,,,,,,,
deal,"다루다, 거래하다, 거래, 분배",dealer,상인,,,,,,,,,,
message,"메시지, 전언",messenger,전령,,,,,,,,,,
seek,"찾다, 구하다, 추구하다",seeker,탐색자,,,,,,,,,,
survive,"살아남다, 생존하다",survival,생존,survivor,생존자,,,,,,,,
access,"접근, 이용권, 접근하다, 이용하다",accessibility,접근성,accessible,접근 가능한,,,,,,,,
assume,"가정하다, 맡다",assumption,가정,,,,,,,,,,
capable,"유능한, ~할 수 있는",capacity,용량,capability,능력,incapable,무능한,,,,,,
color,"색, 색깔, 색칠하다",coloration,색채,colorful,다채로운,,,,,,,,
fall,"떨어지다, 가을, 추락",,,,,,,,,,,,
least,"최소한의, 최소한",,,,,,,,,,,,
news,"뉴스, 소식",,,,,,,,,,,,
occur,"발생하다, 일어나다",occurrence,"사건, 발생",,,,,,,,,,
separate,"분리하다, 떼어놓다, 분리된, 별개의",separately,따로따로,separation,분리,,,,,,,,
serve,"제공하다, 봉사하다",server,서버,,,,,,,,,,
source,"원천, 출처",,,,,,,,,,,,
data,"데이터, 자료 (단수형 datum)",database,데이터베이스,,,,,,,,,,
deep,"깊은, 깊이",deepen,깊어지다,deeply,깊이,,,,,,,,
determine,"결정하다, 알아내다",determination,결심,determinant,결정 요인,determinism,결정론,deterministic,결정론적인,determinacy,"결정성, 확정성",,
excite,"흥분시키다, 자극하다",exciting,흥미로운,excited,신이 난,excitedly,신나서,excitement,"흥분, 자극",,,,
goal,"목표, 골",,,,,,,,,,,,
issue,"문제, 사안, 발행하다",,,,,,,,,,,,
pick,"고르다, 따다, 선택",pickup,픽업 차량,,,,,,,,,,
relieve,"경감하다, 안심시키다",relief,안도,relieved,안도한,,,,,,,,
sorry,"미안한, 유감스러운",,,,,,,,,,,,
equal,"동일한, 평등한, 필적하다, 동등한 것",equally,똑같이,equality,평등,equalize,평등하게 하다,equation,방정식,inequality,불평등,,
global,"전 세계의, 전체의",globally,전 세계적으로,globe,지구본,globalization,세계화,,,,,,
notice,"알아차리다, 통지하다, 공고, 주목",noticeable,눈에 띄는,noticeably,눈에 띄게,notify,알리다,notion,개념,,,,
pattern,"패턴, 무늬, 모방하다",,,,,,,,,,,,
reflect,"반영하다, 반사하다",reflection,반사,reflective,반사하는,reflexive,반사적인,,,,,,
stand,"서다, 견디다, 가판대",,,,,,,,,,,,
affect,"영향을 미치다, 감정(심리학)",affective,정서적인,affection,애정,,,,,,,,
aspect,"측면, 양상",,,,,,,,,,,,
college,대학,collegial,대학의,,,,,,,,,,
current,"현재의, 통용되는, 흐름",currently,현재,currency,통화,,,,,,,,
effort,노력,effortful,노력이 필요한,,,,,,,,,,
either,"어느 한쪽의, 양쪽 중 하나, ~하거나",,,,,,,,,,,,
emerge,"나타나다, 떠오르다",emergence,출현,emergency,비상사태,emergent,"긴급한, 신흥의",,,,,,
immediate,즉각적인,immediately,즉시,,,,,,,,,,
join,"가입하다, 합류하다",joint,"공동의, 합동의, 관절",,,,,,,,,,
probably,"아마, 대개",probability,확률,,,,,,,,,,
select,"선택하다, 엄선하다, 선택된",selection,선택,selective,선택적인,selectively,선택적으로,,,,,,
top,"정상, 꼭대기, 최고의, 최고가 되다",,,,,,,,,,,,
wide,"넓은, 광범위한, 널리",widely,널리,widen,넓히다,widespread,광범위한,wide-ranging,광범위한,,,,
wild,"야생의, 거친, 마구, 야생동물",wilderness,황야,wildlife,야생 생물,wildwood,야생림,wildflower,야생화,,,,
almost,"거의, 대부분",,,,,,,,,,,,
contest,"대회, 경쟁, 경쟁하다, 이의를 제기하다",contestant,참가자,,,,,,,,,,
decrease,"감소하다, 줄이다, 감소",,,,,,,,,,,,
evidence,"증거, 흔적",evident,명백한,,,,,,,,,,
interaction,"상호작용, 교류",interact,"상호 작용하다, 교류하다",interactive,상호 작용하는,,,,,,,,
library,도서관,librarian,사서,,,,,,,,,,
specific,"구체적인, 명확한",specifically,구체적으로,specification,명세서,specify,명시하다,,,,,,
though,"~이긴 하지만, 그러나, 그렇지만",,,,,,,,,,,,
agree,"동의하다, 일치하다",agreeable,동의하는,agreement,합의,,,,,,,,
attempt,"시도, 시행, 시도하다",,,,,,,,,,,,
beauty,아름다움,beautiful,아름다운,beautifully,아름답게,,,,,,,,
consist,"구성하다, 이루다",consistent,일관된,consistently,지속적으로,consistency,일관성,inconsistent,일관되지 않은,,,,
mental,"정신의, 정신적인",mentally,정신적으로,mentality,정신 상태,,,,,,,,
overcome,"극복하다, 압도하다",overlap,"겹치다, 중복",overlook,"간과하다, 내려다보다",overnight,"하룻밤 사이에, 밤새의",overseas,"해외로, 해외의",overtake,"추월하다, 덮치다",,
wonder,"궁금해하다, 놀라다, 놀라움, 경이",wonderful,훌륭한,,,,,,,,,,
arrive,"도착하다, 도달하다",arrival,도착,,,,,,,,,,
confidence,"자신감, 확신",confident,자신 있는,,,,,,,,,,
describe,"묘사하다, 설명하다",description,설명,,,,,,,,,,
desire,"욕망하다, 바라다, 욕망, 갈망",desirable,바람직한,,,,,,,,,,
forest,숲,,,,,,,,,,,,
innovate,"혁신하다, 새롭게 도입하다",innovation,혁신,innovative,혁신적인,innovator,혁신가,,,,,,
method,"방법, 방식",methodology,방법론,,,,,,,,,,
organic,"유기농의, 유기적인",organism,"유기체, 생물",organismic,유기체의,,,,,,,,
search,"찾다, 수색하다, 수색, 탐색",,,,,,,,,,,,
whole,"전체의, 온전한, 전체",wholly,"완전히, 전적으로",wholeheartedly,"진심으로, 전폭적으로",,,,,,,,
amount,"양, 총계, 총계가 ~이 되다",,,,,,,,,,,,
context,"맥락, 문맥",contextual,맥락의,,,,,,,,,,
detail,"세부사항, 상세, 상세히 말하다, 열거하다",detailed,상세한,,,,,,,,,,
enter,"들어가다, 입력하다",entrance,"입구, 입장",entry,"입장, 참가, 출품, 입력",entrant,참가자,,,,,,
industry,"산업, 업계",industrial,산업의,industrialized,산업화된,,,,,,,,
interpret,"해석하다, 통역하다",interpretation,해석,misinterpretation,"오해, 오역",,,,,,,,
lack,"부족, 결핍, 부족하다",,,,,,,,,,,,
perspective,"관점, 시각",,,,,,,,,,,,
responsibility,"책임, 의무",responsible,책임이 있는,,,,,,,,,,
tourism,"관광, 관광업",tourist,관광객,,,,,,,,,,
instance,"예, 사례, 경우",,,,,,,,,,,,
invent,"발명하다, 고안하다",invention,발명,inventor,발명가,,,,,,,,
mistake,"실수, 잘못, 오해하다",mistaken,잘못된,mistakenly,잘못하여,,,,,,,,
tool,"도구, 수단",,,,,,,,,,,,
along,"~을 따라, ~와 함께, 계속해서",alongside,"~옆에, 함께",,,,,,,,,,
comfort,"위로, 안락, 위로하다, 편안하게 하다",comfortable,편안한,comfortably,편안하게,discomfort,불편,uncomfortable,불편한,,,,
conflict,"갈등, 충돌, 상충하다",conflicting,상충하는,,,,,,,,,,
consequence,"결과, 영향",consequent,결과적인,consequently,결과적으로,,,,,,,,
cover,"덮다, 다루다, 표지, 범위",coverage,보도,,,,,,,,,,
especially,"특히, 더욱이",,,,,,,,,,,,
gain,"얻다, 늘다, 이득",,,,,,,,,,,,
invest,"투자하다, 투입하다",investment,투자,investing,투자,investor,투자자,,,,,,
maintain,"유지하다, 주장하다",maintenance,유지보수,,,,,,,,,,
neighbor,"이웃, 인접국, 인접하다",neighborhood,이웃,neighbor,이웃,neighboring,인근의,,,,,,
send,"보내다, 전송하다",,,,,,,,,,,,
against,"~에 반대하여, ~에 기대어",,,,,,,,,,,,
chance,"기회, 가능성, 우연히 일어나다",,,,,,,,,,,,
climate,"기후, 분위기",climatic,기후의,,,,,,,,,,
connect,"연결하다, 접속하다, 접속",connected,연결된,connectedness,연결성,connection,연결,,,,,,
efficient,"효율적인, 효율",efficiently,효율적으로,efficiency,효율,,,,,,,,
favor,"호의, 호의적으로 대하다",favorable,유리한,favorably,호의적으로,favorite,좋아하는,,,,,,
feature,"특징, 특색, 특징을 이루다",,,,,,,,,,,,
figure,"수치, 인물, 계산하다",,,,,,,,,,,,
impact,"영향, 충격, 영향을 미치다",,,,,,,,,,,,
machine,"기계, 장치",machinery,기계류,,,,,,,,,,
motivate,"동기를 부여하다, 자극하다",motivated,동기 부여된,motivation,동기,motivational,동기 부여의,motivator,동기 부여자,motive,동기,,
paper,"종이, 논문",,,,,,,,,,,,
recent,"최근의, 최신의",recently,최근에,,,,,,,,,,
relax,"긴장을 풀다, 쉬다",relaxation,휴식,relaxing,편안한,,,,,,,,
table,"표, 탁자, 표로 정리하다",,,,,,,,,,,,
total,"총계, 전체의, 합계하다",totally,완전히,totality,"전체, 전부",,,,,,,,
accurate,"정확한, 정밀한",accurately,정확하게,accuracy,정확성,inaccurate,부정확한,inaccurately,부정확하게,,,,
advantage,"이점, 유리함",advantageous,유리한,,,,,,,,,,
analyze,분석하다,analysis,분석,analyst,분석가,analytic,분석적인,analytical,분석적인,,,,
balance,"균형, 잔액, 균형을 이루다",balanced,균형 잡힌,balancing,균형,imbalance,불균형,,,,,,
foot,"발, (길이 단위) 피트, (비용을) 부담하다",,,,,,,,,,,,
shape,"형태, 모양, 형성하다",,,,,,,,,,,,
unite,"결합하다, 합치다",unity,통합,united,"통합된, 연합한",,,,,,,,
account,"계좌, 설명, 설명하다",accounting,회계,accountant,회계사,,,,,,,,
distance,"거리, 간격, 거리를 두다",distant,먼,,,,,,,,,,
dream,"꿈, 희망, 꿈꾸다",,,,,,,,,,,,
expert,"전문가, 숙련된, 전문적인",expertise,전문 지식,,,,,,,,,,
fill,"채우다, 가득 차게 하다",,,,,,,,,,,,
location,"위치, 장소",locate,"위치시키다, (~에) 위치하다",,,,,,,,,,
popular,"인기 있는, 대중적인",popularity,인기,popularize,"대중화하다, 널리 알리다",,,,,,,,
smile,"미소, 미소 짓다",smiley,웃는,,,,,,,,,,
street,"거리, 도로, ~가",,,,,,,,,,,,
stress,"스트레스, 압력, 강조하다, 압박하다",stressful,스트레스가 많은,stressor,스트레스 요인,,,,,,,,
transport,"수송하다, 운송하다, 운송",transportation,교통,,,,,,,,,,
trust,"신뢰, 신용, 신뢰하다",trustworthy,신뢰할 만한,trustworthiness,신뢰성,distrust,"의심하다, 불신",mistrust,"불신하다, 불신",entrust,"맡기다, 위탁하다",trustee,"수탁자, 신탁 관리자"
advance,"진보하다, 나아가다, 진보, 발전",advanced,고급의,advancement,발전,,,,,,,,
cell,"세포, 감방, 작은 방",,,,,,,,,,,,
check,"검사하다, 확인하다, 수표, 점검",check-up,건강 검진,check-list,체크리스트,check-in,체크인,,,,,,
disappoint,실망시키다,disappointed,실망한,disappointing,실망스러운,disappointment,실망,,,,,,
green,"녹색의, 환경 친화적인, 녹색, 채식",greenhouse,"온실, 온실 효과의",,,,,,,,,,
percent,"퍼센트, 백분율",percentage,백분율,,,,,,,,,,
perhaps,"아마, 혹시",,,,,,,,,,,,
predict,"예측하다, 예언하다",predictability,예측 가능성,predictable,예측 가능한,predictably,예측 가능하게,prediction,예측,predictor,예측자,predictive,예측적인
purpose,"목적, 의도, 작정하다",purposeful,목적 있는,,,,,,,,,,
rest,"휴식, 나머지, 쉬다",restful,"평온한, 안락한",,,,,,,,,,
speak,"말하다, 연설하다",,,,,,,,,,,,
stay,"머무르다, 유지되다, 체류",,,,,,,,,,,,
trip,"여행, 여행하다",,,,,,,,,,,,
upon,"~위에, ~하자마자",,,,,,,,,,,,
associate,"연상하다, 교제하다, 동료, 제휴사",association,협회,,,,,,,,,,
average,"평균, 평균의, 보통의, 평균이 되다",,,,,,,,,,,,
beyond,"~을 넘어서, 그 이상",,,,,,,,,,,,
expense,"비용, 지출, 비용이 드는",expensive,"비싼, 가격이 많이 드는",expenditure,"지출, 소비",,,,,,,,
explore,"탐험하다, 탐구하다",exploration,탐험,explorer,탐험가,,,,,,,,
famous,유명한,famously,유명하게,infamous,악명높은,,,,,,,,
government,"정부, 통치, 통치하다",governmental,정부의,govern,통치하다,,,,,,,,
miss,"놓치다, 그리워하다, 실수",mismatch,불일치,mislead,오도하다,misguide,잘못 이끌다,misinformation,허위 정보,misfortune,불운,misconception,오해
poetry,"시, 운문",poem,"시, 시가",poet,시인,poetic,시적인,,,,,,
single,"하나의, 단 하나의",singularity,특이성,,,,,,,,,,
strength,"힘, 강도, 장점",strengthen,강화하다,,,,,,,,,,
circle,"원, 집단, 원을 그리다",circuit,회로,circular,원형의,circulate,"순환하다, 배포되다",circulation,순환,circus,서커스,,
frequent,"빈번한, 잦은",frequently,자주,frequency,"빈도, 주파수",,,,,,,,
grade,"등급, 학년, 성적, 등급을 매기다, 성적을 매기다",grader,성적 평가자,graduate,"졸업하다, 졸업생",,,,,,,,
model,"모델, 모형, 모델로 삼다",,,,,,,,,,,,
perfect,"완벽한, 흠 없는",perfectly,완벽하게,perfection,완벽,,,,,,,,
suddenly,"갑자기, 느닷없이",sudden,갑작스러운,,,,,,,,,,
technical,"기술적인, 전문적인",technically,기술적으로,technician,기술자,technique,기술,,,,,,
argue,"논쟁하다, 주장하다",argument,논쟁,arguably,논쟁의 여지가 있게,,,,,,,,
author,"저자, 작가",authority,권위,authoritative,"권위 있는, 믿을 만한",authorship,저자 자격,,,,,,
camp,"야영지, 캠프, 야영하다",campsite,야영지,campus,캠퍼스,camper,캠핑객,,,,,,
contrast,"대조, 대비, 대조하다",,,,,,,,,,,,
degree,"정도, 도, 학위",,,,,,,,,,,,
key,"중요한, 핵심적인, 열쇠, 키, 입력하다",,,,,,,,,,,,
mass,"대중, 덩어리, 대량의, 대중의, 모이다",massive,"거대한, 대규모의",,,,,,,,,,
novel,"소설, 새로운, 참신한",novelist,소설가,novelty,새로움,,,,,,,,
office,"사무실, 관청",officer,장교,,,,,,,,,,
profit,"이익, 수익, 이윤을 얻다",profitability,수익성,profitable,수익성 있는,profitably,수익성 있게,,,,,,
race,"경주, 인종, 경주하다",racial,인종의,racism,인종차별,racist,인종차별주의자,,,,,,
rise,"오르다, 상승하다, 증가, 상승",,,,,,,,,,,,
engage,"참여시키다, 약혼하다",engagement,"약혼, 교전, 참여",,,,,,,,,,
finish,"끝내다, 완료하다, 끝, 마무리",,,,,,,,,,,,
graph,"그래프, 도표, 도표로 나타내다",graphic,그래픽의,,,,,,,,,,
institute,"기관, 연구소, 설립하다, 제정하다",institution,기관,institutional,제도적인,institutionalize,"제도화하다, 조직화하다",,,,,,
operate,"작동하다, 운영하다, 수술하다",operation,수술,operator,조작자,,,,,,,,
pressure,"압력, 압박, 압박하다",press,"압력, 신문, 언론, 누르다",,,,,,,,,,
waste,"낭비, 쓰레기, 낭비하다",wasteful,낭비하는,,,,,,,,,,
advice,"조언, 충고",advise,조언하다,,,,,,,,,,
alternative,"대안, 대체 가능한",alternate,"번갈아 하는, 번갈아 발생하다",alternately,교대로,alternatively,"혹은, 대신에",,,,,,
catch,"잡다, 포착하다, 걸림돌",catcher,포수,,,,,,,,,,
clear,"명백한, 깨끗한, 치우다, 없애다, 완전히",clearly,명확하게,clearance,허가,,,,,,,,
competitive,"경쟁이 치열한, 경쟁력 있는",competitively,경쟁적으로,competitiveness,경쟁력,competitor,경쟁자,,,,,,
concert,"콘서트, 협력",,,,,,,,,,,,
industrial,"산업의, 공업의",industrialization,산업화,,,,,,,,,,
item,"항목, 물품",,,,,,,,,,,,
poor,"가난한, 형편없는, 부족한",poorly,형편없이,,,,,,,,,,
respect,"존경, 고려, 존경하다, 고려하다",respectable,존경할 만한,respectful,존경하는,respectfully,공손하게,,,,,,
risk,"위험, 감수하다",risky,위험한,,,,,,,,,,
supply,"공급하다, 제공하다, 공급, 보급",supplier,공급자,,,,,,,,,,
unique,"독특한, 유일한",uniquely,독특하게,uniqueness,독특함,,,,,,,,
voice,"목소리, 음성, 표현하다",,,,,,,,,,,,
wish,"바라다, 소망하다, 소원, 바람",,,,,,,,,,,,
worth,"가치, ~의 가치가 있는, 가치 있는",worthy,가치 있는,worthwhile,가치 있는,worthless,가치 없는,,,,,,
adapt,"적응하다, 조정하다",adaptive,적응하는,adaptation,적응,,,,,,,,
constant,"일정한, 변함없는",constantly,끊임없이,constancy,"불변, 변함없는 상태",,,,,,,,
distinct,"뚜렷한, 별개의",distinction,구별,distinctive,독특한,,,,,,,,
electric,"전기의, 전기로 작동하는",electrical,전기의,electricity,전기,,,,,,,,
element,"요소, 성분, 원소",elementary,"기초적인, 초등의",,,,,,,,,,
forget,잊다,,,,,,,,,,,,
ignore,"무시하다, 외면하다",ignorance,"무지, 무식",ignorant,"무지한, 모르는",,,,,,,,
letter,"편지, 글자, 편지를 쓰다",,,,,,,,,,,,
lie,"눕다, 위치하다, 거짓말하다, 거짓말",,,,,,,,,,,,
musical,"음악의, 음악적인, 뮤지컬",musician,음악가,music,음악,,,,,,,,
task,"과제, 업무",,,,,,,,,,,,
throw,"던지다, 내던지다",,,,,,,,,,,,
contact,"접촉, 연락, 연락하다, 접촉하다",,,,,,,,,,,,
contain,"포함하다, 억제하다",container,용기,,,,,,,,,,
prepare,"준비하다, 대비하다",preparation,준비,preparatory,준비의,,,,,,,,
principle,"원칙, 원리",principia,원리,principal,교장,,,,,,,,
rarely,"좀처럼 ~않다, 드물게",rare,"드문, 희귀한",,,,,,,,,,
war,"전쟁, 무력 충돌",,,,,,,,,,,,
bore,"지루하게 하다, 지루함",bored,지루한,boring,지루한,boredom,지루함,,,,,,
care,"돌봄, 걱정, 돌보다, 신경 쓰다",careful,조심스러운,carefully,조심스럽게,careless,부주의한,carelessly,부주의하게,caretaker,관리인,caregiver,보호자
contribute,"기여하다, 기부하다",contribution,기여,contributor,기여자,,,,,,,,
damage,"손상, 피해, 손상시키다",damaging,해로운,damaged,손상된,,,,,,,,
danger,"위험, 위험요소",dangerous,위험한,dangerously,위험하게,,,,,,,,
engine,"엔진, 기관",engineer,엔지니어,engineering,"공학, 기술",,,,,,,,
genetic,"유전의, 유전학의",genetically,유전적으로,genetics,유전학,,,,,,,,
indifferent,"무관심한, 냉담한",indifference,무관심,,,,,,,,,,
inhabit,"거주하다, 서식하다",inhabitant,거주자,habitat,"서식지, 거주지",,,,,,,,
main,"주요한, 주된",mainly,주로,mainstream,주류의,,,,,,,,
mere,"단순한, 겨우",merely,단지,,,,,,,,,,
norm,"기준, 규범",normal,정상적인,normally,보통,,,,,,,,
preserve,"보존하다, 유지하다",preservation,보존,,,,,,,,,,
return,"돌아오다, 반환하다, 반환, 수익",,,,,,,,,,,,
save,"저장하다, 구하다, 절약하다, 구출, 절약",,,,,,,,,,,,
stage,"단계, 무대, 공연하다, 무대에 올리다",,,,,,,,,,,,
strategy,"전략, 전술",strategic,전략적인,,,,,,,,,,
temperature,"온도, 체온",,,,,,,,,,,,
visual,"시각의, 시각적인",visually,시각적으로,visualize,시각화하다,visualization,시각화,,,,,,
advertise,"광고하다, 홍보하다",advertiser,광고주,advertisement,광고,ad,광고,advertising,광고,,,,
correct,"올바른, 정확한, 수정하다",correctly,정확하게,incorrect,부정확한,incorrectly,부정확하게,,,,,,
deliver,"전달하다, 배달하다, 연설하다",delivery,배달,,,,,,,,,,
establish,"설립하다, 확립하다",established,확립된,establishment,설립,,,,,,,,
exact,"정확한, 요구하다",exactly,정확히,,,,,,,,,,
heart,"심장, 마음",heartbeat,심장박동,heartbreaking,가슴 아픈,,,,,,,,
intensify,"강화하다, 심화하다",intensity,강도,intensive,집중적인,intense,"강렬한, 극심한",intensely,강렬하게,,,,
master,"달인, 주인, 습득하다, 정통하다",masterpiece,걸작,mastery,"숙달, 통달",,,,,,,,
prove,"증명하다, 입증하다",proven,입증된,,,,,,,,,,
rain,"비, 비가 내리다",rainfall,강수량,rainforest,열대우림,rainy,비가오는,raincoat,비옷,raindrop,빗방울,rainbow,무지개
truth,"진실, 사실",truthful,"정직한, 진실한",,,,,,,,,,
acquire,"획득하다, 습득하다",acquisition,습득,,,,,,,,,,
ancient,"고대의, 고대인",,,,,,,,,,,,
architecture,"건축학, 건축물",architect,건축가,architectural,건축의,,,,,,,,
conscious,"의식적인, 의식하는",consciously,의식적으로,consciousness,의식,conscience,양심,,,,,,
fit,"맞다, 적합하다, 적합한, 건강한",fitness,체력,,,,,,,,,,
indeed,"정말로, 사실은",,,,,,,,,,,,
none,"아무도 없다, 어떤 ~도 ~아니다",non-agricultural,비농업의,non-contact,비접촉의,non-productive,비생산적인,non-vigilant,경계심 없는,non-tariff,비관세의,non-visual,비시각적인
post,"우편, 직위, 기둥, 게시하다, 보내다",poster,게시물,,,,,,,,,,
ready,"준비된, 기민한, 기꺼이",readily,쉽게,ready-made,"기성의, 이미 만들어진",,,,,,,,
refer,"언급하다, 지칭하다",reference,참고,,,,,,,,,,
replace,"대체하다, 교체하다",replacement,교체,,,,,,,,,,
spread,"퍼지다, 펼치다, 확산",,,,,,,,,,,,
anger,"분노, 화, 화나게 하다",angry,화난,,,,,,,,,,
daily,"매일의, 매일, 일간지",,,,,,,,,,,,
dominate,"지배하다, 우세하다",dominance,지배,dominant,우세한,domination,"지배, 통치, 우세",,,,,,
ecosystem,"생태계, 생물권",,,,,,,,,,,,
evaluate,"평가하다, 사정하다",evaluation,평가,evaluative,"평가의, 감정의",re-evaluate,재평가하다,,,,,,
frustrate,"좌절시키다, 낙담시키다, 답답한",frustrated,좌절한,frustrating,답답한,frustration,좌절,,,,,,
invite,"초대하다, 요청하다",invitation,초대,,,,,,,,,,
mechanism,"기계장치, 메커니즘",mechanical,"기계의, 기계적인",mechanized,기계화된,mechanic,"정비공, 기술자",,,,,,
medical,"의학의, 의료의",medication,약물,medicine,의학,medicinal,약효가 있는,,,,,,
previous,"이전의, 앞의",previously,이전에,,,,,,,,,,
quite,"꽤, 매우",,,,,,,,,,,,
react,반응하다,reaction,반응,,,,,,,,,,
region,"지역, 지대",regional,지역의,,,,,,,,,,
register,"등록하다, 기록하다, 등록부, 기록",registration,등록,,,,,,,,,,
robot,로봇,robotic,로봇의,robotics,로봇 공학,,,,,,,,
shift,"변화, 이동, 교대 근무, 옮기다, 변화시키다",,,,,,,,,,,,
weak,"약한, 연약한",weaken,약화시키다,weakness,약점,,,,,,,,
background,"배경, 배경지식, 배경의",backbreaking,힘든,backfire,역효과를 내다,backpack,배낭,backseat,뒷좌석,backyard,뒷마당,,
behind,"~의 뒤에, 뒤에",,,,,,,,,,,,
chemical,"화학의, 화학물질",chemist,화학자,chemistry,화학,,,,,,,,
claim,"주장하다, 요구하다, 주장, 권리",,,,,,,,,,,,
confuse,"혼동시키다, 당황하게 하다",confused,혼란스러운,confusing,혼란스러운,confusion,혼란,,,,,,
doctor,"의사, 박사, (문서) 조작하다",doctoral,박사 학위의,doctorate,박사 학위,,,,,,,,
due,"예정된, 마땅한, ~때문에",,,,,,,,,,,,
enable,"가능하게 하다, 허용하다",,,,,,,,,,,,
entire,전체의,entirely,완전히,entity,실체,,,,,,,,
exhibit,"전시하다, 전시회, 전시품",exhibition,전시,,,,,,,,,,
extreme,"극도의, 극단적인, 극단",extremely,극도로,,,,,,,,,,
fee,"요금, 수수료",,,,,,,,,,,,
front,"앞, 전선, 전방, 앞면의, 맞서다",frontal,앞쪽의,frontier,"국경, 한계",,,,,,,,
highly,매우,,,,,,,,,,,,
patient,"참을성 있는, 환자",patiently,참을성 있게,patience,인내,,,,,,,,
plastic,"플라스틱의, 가소성의, 플라스틱",plasticity,가소성,,,,,,,,,,
prevent,"막다, 예방하다",prevention,예방,preventive,예방의,,,,,,,,
publish,"출판하다, 공개하다",publisher,출판사,publishing,출판,,,,,,,,
push,"밀다, 추진하다, 추진, 압박",,,,,,,,,,,,
arm,"팔, 무장, 무장시키다",army,군대,armpit,겨드랑이,,,,,,,,
aware,"인식하는, 알고 있는",awareness,인식,,,,,,,,,,
calm,"차분한, 고요한, 진정시키다",calmly,침착하게,calming,진정시키는,,,,,,,,
clearly,"분명히, 명확히",,,,,,,,,,,,
depart,"출발하다, 떠나다",departure,"출발, 떠남",department,"부서, 학과",,,,,,,,
ground,"땅, 지면, 이유, 기반을 두다, 착륙시키다",groundbreaking,획기적인,,,,,,,,,,
hunt,"사냥하다, 사냥",hunter,사냥꾼,hunter-gatherer,수렵채집인,hunting,사냥,,,,,,
joy,"기쁨, 즐거움",joyful,즐거운,joyfully,기쁘게,,,,,,,,
precise,"정확한, 정밀한",precisely,정확하게,precision,정밀,,,,,,,,
promote,"촉진하다, 홍보하다",promotion,승진,,,,,,,,,,
purchase,"구입하다, 구매, 구입",purchasing,구매,,,,,,,,,,
range,"범위, 산맥, 종류, 범위가 이르다, 배치하다",,,,,,,,,,,,
remove,"제거하다, 치우다",removal,"제거, 철거",,,,,,,,,,
ride,"타다, 승차",rider,라이더,riding,승차,,,,,,,,
schedule,"일정, 스케줄, 일정표에 넣다",,,,,,,,,,,,
weight,"무게, 체중, 달다, 중요시하다",weigh,무게를 재다,,,,,,,,,,
fire,"불, 화재, 해고하다, 발사하다",firefly,반딧불이,fireplace,벽난로,firework,불꽃놀이,firewood,장작,fireman,소방관,,
oppose,"반대하다, 대항하다",opposite,반대의,,,,,,,,,,
raise,"올리다, 증가시키다, 제기하다, 임금 인상",,,,,,,,,,,,
reproduce,"복제하다, 재생산하다, 번식하다",reproduction,번식,reproductive,번식의,,,,,,,,
valuable,"가치 있는, 귀중한",,,,,,,,,,,,
vision,"시각, 전망, 비전",visible,"눈에 보이는, 명백한",visibility,가시성,visibly,눈에 띄게,,,,,,
volunteer,"자원봉사자, 자원하다, 지원하다, 자발적인",voluntary,자발적인,voluntarily,자발적으로,,,,,,,,
appropriate,"적절한, 적절히 사용하다",appropriately,"적절히, 적당히",inappropriate,부적절한,,,,,,,,
combine,"결합하다, 혼합하다",combination,결합,,,,,,,,,,
cook,"요리하다, 요리사",cookbook,요리책,cookery,요리,,,,,,,,
crop,"농작물, 수확량, 수확하다, 잘라내다",,,,,,,,,,,,
cross,"십자가, 횡단, 가로지르다, 교차하다",cross-cultural,문화 간의,cross-country,"전국적인, 횡단의",cross-training,교차 훈련,,,,,,
decade,10년,,,,,,,,,,,,
delight,"기쁨, 즐거움, 기쁘게 하다",delighted,기쁜,delightful,즐거운,,,,,,,,
drop,"떨어뜨리다, 떨어지다, 방울, 소량",,,,,,,,,,,,
fine,"좋은, 훌륭한, 미세한, 잘, 벌금",,,,,,,,,,,,
hide,"숨기다, 은폐하다",hidden,숨겨진,,,,,,,,,,
impress,"감동시키다, 인상을 주다",impression,"인상, 감명",impressive,인상적인,impressively,인상적으로,impressionist,인상파 화가,,,,
multiply,"곱하다, 증식시키다",multiplication,"곱셈, 증식, 증가",multitude,다수,multiple,"다수의, 배수",,,,,,
phenomenon,현상,,,,,,,,,,,,
philosophy,철학,philosophical,철학적인,philosopher,철학자,,,,,,,,
regular,"규칙적인, 정기적인, 단골",regularity,규칙성,regularly,정기적으로,,,,,,,,
reveal,"밝히다, 드러내다",revealing,드러내는,revelation,계시,,,,,,,,
insight,"통찰, 식견",insightful,통찰력 있는,,,,,,,,,,
intention,"의도, 의향",intent,의도,intentionally,고의로,,,,,,,,
laugh,"웃다, 웃음",laughter,"웃음, 폭소",,,,,,,,,,
lay,"놓다, 두다, 전문지식이 없는",layer,"층, 겹, 층을 이루다",,,,,,,,,,
manufacture,"제조하다, 제조",manufacturer,제조업체,manufactured,제조된,,,,,,,,
mark,"표, 자국, 점수, 표시하다, 채점하다",marked,"현저한, 두드러진",,,,,,,,,,
overwhelm,"압도하다, 감당 못하게 하다",overestimate,과대평가하다,overload,"과부하를 주다, 과부하",overstate,"과장하다, 허풍 떨다",overcrowd,사람을 너무 많이 들이다,,,,
report,"보고서, 보도, 보고하다, 알리다",reporter,기자,repository,"저장소, 보관소",,,,,,,,
reward,"보상, 상, 보상하다",rewarding,보람 있는,,,,,,,,,,
suit,"정장, 소송, 적합하다",suitable,적합한,suitcase,여행가방,,,,,,,,
tie,"넥타이, 유대, 묶다, 연결하다",,,,,,,,,,,,
date,"날짜, 날짜를 적다, 데이트하다",,,,,,,,,,,,
demonstrate,"증명하다, 시연하다",demonstration,시위,,,,,,,,,,
destroy,"파괴하다, 없애다",destruction,파괴,destructive,파괴적인,,,,,,,,
fashion,"패션, 유행, 만들다, 형성하다",refashion,개조하다,,,,,,,,,,
fun,"재미, 즐거움, 재미있는",funny,"웃기는, 유머러스한",,,,,,,,,,
insect,곤충,,,,,,,,,,,,
mathematical,수학의,mathematician,수학자,mathematics,수학,,,,,,,,
obvious,"분명한, 명백한",obviously,분명히,,,,,,,,,,
pollute,"오염시키다, 더럽히다",pollution,"오염, 공해",pollutant,오염 물질,,,,,,,,
pursue,"추구하다, 쫓다",pursuit,추구,,,,,,,,,,
restrict,"제한하다, 한정하다",restriction,제한,,,,,,,,,,
root,"뿌리, 근원, 뿌리내리다, 근원을 두다",,,,,,,,,,,,
suppose,"가정하다, 추측하다",supposedly,"이론상, 추정상",,,,,,,,,,
agency,"기관, 대리점",agent,대리인,,,,,,,,,,
appreciate,"감사하다, 감상하다, 이해하다",appreciation,"감사, 가치 상승",,,,,,,,,,
category,"범주, 분류",categorize,분류하다,,,,,,,,,,
circumstance,"상황, 환경",,,,,,,,,,,,
concentrate,"집중하다, 농축액",concentrated,농축된,concentration,집중,,,,,,,,
conventional,"전통적인, 관습적인",convention,관습,,,,,,,,,,
decline,"감소하다, 거절하다, 감소, 하락",,,,,,,,,,,,
discuss,"토론하다, 논의하다",discussion,토론,,,,,,,,,,
display,"전시하다, 표시하다, 전시, 진열",,,,,,,,,,,,
ensure,"보장하다, 확실히 하다",,,,,,,,,,,,
festival,축제,festive,축제의,,,,,,,,,,
fix,"고정시키다, 수리하다, 고정, 수리",fixate,집착하다,,,,,,,,,,
ideal,"이상적인, 이상적인",ideally,이상적으로,idealize,이상화하다,,,,,,,,
indicate,"가리키다, 나타내다",indicator,지표,indication,표시,,,,,,,,
literature,문학,literary,문학의,,,,,,,,,,
pack,"싸다, 포장하다, 꾸러미",package,소포,packaging,포장,packet,소포,,,,,,
resident,"거주자, 거주의",,,,,,,,,,,,
resist,"저항하다, 견디다",resistance,저항,resistant,저항하는,,,,,,,,
sufficient,충분한,sufficiently,충분히,insufficient,불충분한,,,,,,,,
afraid,"두려워하는, 겁내는",,,,,,,,,,,,
anxious,"불안한, 걱정하는",anxiety,불안,anxiously,불안하게,,,,,,,,
device,"장치, 기기",devise,"고안하다, 계획하다",,,,,,,,,,
digital,"디지털의, 손가락의",digit,숫자,,,,,,,,,,
donate,"기부하다, 기증하다",donation,기부,,,,,,,,,,
female,"여성의, 암컷의, 여성, 암컷",,,,,,,,,,,,
firm,"단단한, 확고한, 회사, 굳히다",firmly,단단히,,,,,,,,,,
garden,"정원, 정원으로 가꾸다",gardener,정원사,gardening,정원 가꾸기,,,,,,,,
guide,"안내자, 지침, 안내하다",guidance,안내,guideline,지침,,,,,,,,
harm,"해, 손해, 해를 가하다",harmful,해로운,harmless,해롭지 않은,,,,,,,,
hit,"치다, 히트하다, 타격, 히트곡",,,,,,,,,,,,
inspire,"고무하다, 영감을 주다",inspiring,영감을 주는,,,,,,,,,,
instruct,"가르치다, 지시하다",instruction,지시,instructional,"교육용의, 지시의",instructive,교훈적인,instructor,강사,,,,
list,"목록, 명단, 목록에 올리다, 기울어지다",,,,,,,,,,,,
primary,"주요한, 주된, 초기 단계",primarily,주로,primacy,우위,,,,,,,,
reserve,"예약하다, 보유하다, 비축물",reservoir,저수지,reservation,예약,,,,,,,,
submit,"제출하다, 굴복하다",submission,"제출, 굴복",,,,,,,,,,
suffer,"겪다, 고통받다",,,,,,,,,,,,
warm,"따뜻한, 따뜻하게 하다, 따뜻하게",warmly,따뜻하게,warmth,따뜻함,,,,,,,,
absolutely,"절대적으로, 완전히",absolute,절대적인,,,,,,,,,,
academic,"학문의, 학교의, 학자",academically,학문적으로,academy,"학원, 학술기관",,,,,,,,
apologize,사과하다,apology,사과,apologetic,사과하는,,,,,,,,
charge,"청구하다, 비난하다, 돌진하다, 요금, 책임",,,,,,,,,,,,
commercial,"상업의, 상업적인, 광고",commercialize,상업화하다,commerce,상업,,,,,,,,
distribute,"분배하다, 유통시키다",distribution,분배,distributor,유통업자,,,,,,,,
edit,"편집하다, 편집",edition,"판, 호",editor,편집자,editorial,"편집의, 사설",,,,,,
enhance,"향상시키다, 강화하다",enhanced,향상된,enhancement,향상,,,,,,,,
exchange,"교환, 거래소, 교환하다",,,,,,,,,,,,
glass,"유리, 컵, 유리의",,,,,,,,,,,,
heavy,"무거운, 심한",heavily,"무겁게, 심하게",,,,,,,,,,
native,"토착의, 원어민의, 원주민, 원어민",,,,,,,,,,,,
nerve,"신경, 배짱",nervous,"긴장한, 초조한",nervousness,"긴장감, 불안",,,,,,,,
party,"파티, 정당",,,,,,,,,,,,
path,"길, 경로, 길을 찾다",pathway,경로,,,,,,,,,,
policy,"정책, 방침",,,,,,,,,,,,
progress,"진전, 발전, 진행하다, 발전하다",progression,"진행, 진전",progressive,진보적인,,,,,,,,
reject,"거절하다, 배제하다",rejection,거절,,,,,,,,,,
station,"역, 방송국, 배치하다",stationary,"움직이지 않는, 정지된",,,,,,,,,,
stimulate,"자극하다, 촉진하다",stimulation,자극,stimulant,자극제,stimulus,자극,,,,,,
struggle,"싸우다, 노력하다, 투쟁, 노력",,,,,,,,,,,,
style,"스타일, 양식, 스타일을 지정하다",styling,스타일링,,,,,,,,,,
threat,"위협, 협박",threaten,위협하다,threatened,위협받는,threatening,위협적인,,,,,,
urban,"도시의, 도심의",urbanization,도시화,,,,,,,,,,
wall,"벽, 벽을 세우다",,,,,,,,,,,,
ball,"공, 무도회",,,,,,,,,,,,
bit,"조금, 한 조각",,,,,,,,,,,,
broad,"넓은, 폭넓은, 널리",broadly,넓게,broaden,넓히다,broadcast,방송,,,,,,
conclude,"결론짓다, 끝내다",conclusion,결론,,,,,,,,,,
cream,"크림, 최고급, 크림 색의",,,,,,,,,,,,
excellent,"우수한, 훌륭한",excellence,"탁월함, 우수성",excel,"뛰어나다, 탁월하다",,,,,,,,
flow,"흐름, 흐르다, 흘러가다",,,,,,,,,,,,
independent,"독립적인, 독립체",independently,독립적으로,independence,"독립, 자주",,,,,,,,
intellectual,"지적인, 지식인",intellectually,지적으로,intellect,"지성, 지능",,,,,,,,
network,"네트워크, 망, 연결하다",,,,,,,,,,,,
ordinary,"보통의, 평범한, 일반인",ordinarily,"보통, 일반적으로",,,,,,,,,,
pain,"통증, 고통",painful,고통스러운,,,,,,,,,,
pull,"당김, 견인, 당기다, 끌다",,,,,,,,,,,,
recover,"회복하다, 복구하다",recovery,회복,,,,,,,,,,
repair,"수리하다, 고치다, 수리",repairman,수리공,,,,,,,,,,
accomplish,"성취하다, 완수하다",accomplished,숙련된,accomplishment,성취,,,,,,,,
aesthetic,"미학적인, 심미적인, 미학",aesthetics,미학,aesthetically,미적으로,,,,,,,,
annual,"연간의, 해마다의, 연감",annually,매년,,,,,,,,,,
assign,"할당하다, 배정하다",assignment,과제,,,,,,,,,,
depress,"우울하게 하다, 내리누르다",depressed,우울한,depression,우울증,,,,,,,,
equipment,"장비, 설비",equip,장비를 갖추다,,,,,,,,,,
examine,"조사하다, 검사하다",,,,,,,,,,,,
except,"~을 제외하고, 그러나, 제외하다",exception,예외,exceptional,예외적인,exceptionally,매우,,,,,,
feed,"먹이다, 공급하다, 사료",,,,,,,,,,,,
forward,"앞으로, 전방의, 전달하다",,,,,,,,,,,,
fruitful,"결실 있는, 유익한",fruit,과일,,,,,,,,,,
hospital,병원,hospitality,환대,hospice,호스피스,,,,,,,,
host,"주인, 진행자, 주최하다, 개최하다",,,,,,,,,,,,
inside,"안에, 안에서, 내부, 내부의",,,,,,,,,,,,
manner,"방식, 태도",,,,,,,,,,,,
promise,"약속, 약속하다, 전망이 있다",promising,유망한,,,,,,,,,,
proper,"적절한, 알맞은",properly,적절히,,,,,,,,,,
recall,"기억해내다, 상기하다, 회수",,,,,,,,,,,,
request,"요청, 요구, 요청하다",,,,,,,,,,,,
score,"점수, 득점, 점수를 매기다, 획득하다",scoreboard,점수판,,,,,,,,,,
self-efficacy,자기효능감,self-enhancement,자기향상,self-esteem,"자존감, 자아존중감",self-belief,자존감,self-worth,자존감,self-consciousness,"자기인식, 자의식",self-reflection,자기 성찰
serious,"심각한, 진지한, 심각하게",seriously,심각하게,seriousness,심각성,,,,,,,,
sort,"종류, 분류, 분류하다, 선별하다",,,,,,,,,,,,
spot,"장소, 점, 발견하다, 얼룩지게 하다",spotlight,스포트라이트,,,,,,,,,,
stick,"붙이다, 꼽다, 막대기, 지팡이",sticky,끈적거리는,sticker,스티커,,,,,,,,
adopt,"채택하다, 입양하다",adoption,입양,,,,,,,,,,
assist,"도와주다, 보조하다, 지원",assistant,조수,assistance,도움,assisted-living,지원 생활,,,,,,
attitude,"태도, 자세",,,,,,,,,,,,
automatic,"자동의, 자동으로",automated,자동화된,automatically,자동으로,automation,자동화,,,,,,
cooperate,협력하다,cooperation,협력,cooperative,협력적인,,,,,,,,
cycle,"주기, 순환, 순환하다, 자전거 타다",cycling,자전거 타기,cyclist,자전거 타는 사람,,,,,,,,
disaster,"재난, 참사",disastrous,재앙적인,,,,,,,,,,
distinguish,"구별하다, 분간하다",distinguishable,구별할 수 있는,,,,,,,,,,
ecology,생태학,ecological,생태학적인,ecologist,생태학자,,,,,,,,
ethical,"윤리적인, 도덕적인",ethically,윤리적으로,ethic,윤리,,,,,,,,
exercise,"운동, 연습, 운동하다, 실행하다",,,,,,,,,,,,
frame,"틀, 액자, 구성하다, 누명을 씌우다",framework,틀,,,,,,,,,,
fresh,"신선한, 새로운",freshly,신선하게,freshness,신선함,freshman,신입생,freshwater,민물의,,,,
inner,"내부의, 안쪽의",,,,,,,,,,,,
journalist,"기자, 언론인",journalism,"언론, 저널리즘",,,,,,,,,,
leisure,"여가, 레저",leisurely,느긋하게,,,,,,,,,,
male,"남성, 수컷, 남성의, 수컷의",,,,,,,,,,,,
noise,소음,noisy,시끄러운,,,,,,,,,,
regret,"후회하다, 유감으로 여기다, 후회",regretful,후회하는,regretfully,유감스럽게도,,,,,,,,
season,"계절, 시즌, 양념하다",seasonal,계절의,,,,,,,,,,
slowly,"천천히, 느리게",,,,,,,,,,,,
stable,"안정된, 견고한, 마구간",stability,안정성,stabilize,안정시키다,,,,,,,,
standard,"기준, 표준, 표준의",standardize,표준화하다,standardized,표준화된,,,,,,,,
status,"상태, 지위",,,,,,,,,,,,
tense,"긴장된, 팽팽하게 하다, 시제",tension,"긴장, 팽팽함",,,,,,,,,,
theme,"주제, 테마",,,,,,,,,,,,
trade,"무역, 거래, 거래하다",trader,상인,trading,거래,trademark,"상표, 특성",,,,,,
ultimately,궁극적으로,ultimate,궁극적인,ultimatum,최후통첩,,,,,,,,
unexpected,예상치 못한,unexpectedly,예상치 못하게,,,,,,,,,,
unlike,"~와 달리, ~와 다른",unlikely,가능성 낮은,,,,,,,,,,
vegetation,"식물, 초목",vegetarian,채식주의자의,vegetable,채소,,,,,,,,
bias,"편견, 선입견, 편향시키다",,,,,,,,,,,,
burn,"태우다, 타다, 화상, 화재",burnout,탈진,,,,,,,,,,
conduct,"행동, 수행, 수행하다, 지휘하다",conductor,지휘자,,,,,,,,,,
disease,"질병, 병",,,,,,,,,,,,
emission,"배출, 방출",emit,방출하다,,,,,,,,,,
error,"오류, 실수",erroneously,잘못되게,,,,,,,,,,
expand,"확장하다, 팽창시키다",expanded,확장된,expansion,확장,,,,,,,,
fundamental,"근본적인, 기본적인",fundamentally,근본적으로,,,,,,,,,,
hardly,거의 ~않다,,,,,,,,,,,,
occasion,"경우, 때, 야기하다",occasional,가끔의,occasionally,가끔,,,,,,,,
otherwise,"그렇지 않으면, 달리, 다른",,,,,,,,,,,,
print,"인쇄물, 판, 인쇄하다",printer,프린터,printing,인쇄,,,,,,,,
sweet,"달콤한, 단것",sweetener,감미료,sweetness,단맛,sugar-sweetened,설탕이 첨가된,,,,,,
violate,"위반하다, 침해하다",violation,위반,violence,폭력,violent,폭력적인,,,,,,
weather,"날씨, 견디다, 풍화시키다",,,,,,,,,,,,
address,"주소, 연설, 연설하다, 다루다",,,,,,,,,,,,
adjust,"조정하다, 적응하다",adjustment,조정,,,,,,,,,,
agriculture,"농업, 농사",agricultural,농업의,,,,,,,,,,
breath,"숨, 호흡",breathe,숨 쉬다,breathing,호흡,breathtaking,숨막히는,,,,,,
cancel,"취소하다, 중단하다",cancelation,취소,,,,,,,,,,
cognitive,인지의,cognitively,인지적으로,cognition,인지,,,,,,,,
crowd,"군중, 사람들, 붐비다, 가득 메우다",crowded,붐비는,crowdfunding,크라우드 펀딩,,,,,,,,
encounter,"조우, 만남, 마주치다, 직면하다",,,,,,,,,,,,
fiber,"섬유, 섬유질",,,,,,,,,,,,
fossil,"화석, 화석의",fossilize,화석화하다,fossilization,화석화,,,,,,,,
gold,"금, 금색의",golden,황금의,goldsmith,금세공사,,,,,,,,
habit,"습관, 버릇",habitual,습관적인,,,,,,,,,,
labor,"노동, 일, 노동하다",laborer,노동자,,,,,,,,,,
nutrition,"영양, 영양 섭취",nutritional,영양의,nutritionally,영양학적으로,nutritious,영양가 있는,nutrient,영양소,,,,
regulate,"규제하다, 조절하다",regulation,규제,regulatory,규제의,,,,,,,,
reliable,"신뢰할 수 있는, 믿을 만한",reliably,신뢰할 수 있게,reliability,신뢰성,reliance,의존,,,,,,
rely,"의지하다, 의존하다",,,,,,,,,,,,
repeat,"반복하다, 되풀이하다, 반복",repeated,반복된,repeatedly,반복적으로,repetition,반복,repetitive,반복적인,,,,
rich,"부유한, 풍부한",richness,풍부함,,,,,,,,,,
strange,"이상한, 낯선",stranger,"낯선 사람, 이방인",,,,,,,,,,
substantial,"상당한, 실질적인",substantially,상당히,substance,"물질, 본질",substantive,"실질적인, 본질적인",,,,,,
talent,"재능, 소질",talented,재능 있는,,,,,,,,,,
treat,"대우하다, 다루다, 대접, 한턱",treatment,치료,,,,,,,,,,
unknown,"알려지지 않은, 미지의",unknowingly,무심코,,,,,,,,,,
version,"판, 버전, 각색",,,,,,,,,,,,
wealth,"부, 풍부함",wealthy,부유한,,,,,,,,,,
apparent,"분명한, 명백한, 겉보기에",apparently,명백히,,,,,,,,,,
appeal,"호소, 매력, 호소하다, 매력적이다",appealing,매력적인,,,,,,,,,,
attend,참석하다,attendance,출석,attendant,참석자,attendee,참석자,,,,,,
charity,"자선, 자선단체",,,,,,,,,,,,
cheer,"환호하다, 격려하다, 환호, 응원",cheerful,쾌활한,cheerleader,치어리더,,,,,,,,
club,"클럽, 동호회, 곤봉으로 치다",,,,,,,,,,,,
financial,"재정의, 금융의",financially,재정적으로,finance,"금융, 자금을 대다",financing,자금 조달,,,,,,
found,"설립하다, 창립하다",foundation,토대,foundational,기초의,founder,설립자,,,,,,
gift,"선물, 재능",gifted,재능 있는,,,,,,,,,,
internal,"내부의, 내면의",internalize,내면화하다,,,,,,,,,,
isolate,"고립시키다, 분리하다",isolated,고립된,isolation,고립,,,,,,,,
leaf,"잎, 책장을 넘기다",,,,,,,,,,,,
logic,"논리, 논리학",logical,논리적인,logically,논리적으로,,,,,,,,
manipulate,"조작하다, 다루다",manipulation,조작,,,,,,,,,,
match,"경기, 성냥, 어울리다, 맞추다",,,,,,,,,,,,
meal,식사,,,,,,,,,,,,
middle,"중간, 중간의, 중간에",middle-aged,중년의,mediate,"중재하다, 중재",mediator,"중재자, 조정자",median,"중간의, 중앙값",medieval,중세의,mediterranean,"지중해의, 지중해"
numerous,"수많은, 다양한",numerical,"수치의, 수량의",number,숫자,,,,,,,,
option,"선택권, 옵션",opt,선택하다,,,,,,,,,,
pest,"해충, 방제하다",pesticide,"농약, 살충제",,,,,,,,,,
rational,합리적인,rationally,합리적으로,rationalize,합리화하다,rationale,"근거, 이론적 근거",,,,,,
scholar,"학자, 연구자",scholarly,학구적인,scholarship,"장학금, 학문 연구",,,,,,,,
secret,"비밀, 비밀의",secretly,비밀리에,secrecy,비밀 유지,,,,,,,,
secure,"안전한, 확실한, 확보하다, 지키다",security,보안,,,,,,,,,,
shout,"소리치다, 외치다, 외침",,,,,,,,,,,,
sincerely,진심으로,sincere,성실한,sincerity,"진실성, 성실",,,,,,,,
soil,"토양, 흙, 더럽히다",,,,,,,,,,,,
surface,"표면, 표면화하다, 표면의",,,,,,,,,,,,
surround,"둘러싸다, 에워싸다",surrounding,"주변환경, 주위의",,,,,,,,,,
theater,"극장, 연극, 극장의",theatrical,연극의,,,,,,,,,,
unfortunately,불행히도,unfortunate,불운한,,,,,,,,,,
welcome,"환영받는, 환영하다, 환영 행사",,,,,,,,,,,,
carbon,"탄소, 탄소의",,,,,,,,,,,,
client,고객,,,,,,,,,,,,
commit,"전념하다, 저지르다",commitment,헌신,committee,위원회,,,,,,,,
contemporary,"현대의, 동시대의, 동시대 사람",,,,,,,,,,,,
content,"내용, 만족한, 만족시키다",contented,만족한,contentment,만족,,,,,,,,
facilitate,"촉진하다, 용이하게 하다",facilitator,"조력자, 촉진제",facility,시설,,,,,,,,
FALSE,"거짓된, 잘못된",fallacy,"오류, 그릇된 생각",falsify,위조하다,,,,,,,,
feedback,"피드백, 반응",,,,,,,,,,,,
heat,"열, 가열하다",heater,히터,,,,,,,,,,
hurt,"다치게 하다, 상처 입히다, 아픈, 상처",hurtful,상처 주는,,,,,,,,,,
lecture,"강의, 강의하다",lecturer,강사,,,,,,,,,,
length,"길이, 기간",lengthen,길게 하다,lengthy,"긴, 장황한",lengthwise,길이 방향으로,,,,,,
lesson,"교훈, 수업",,,,,,,,,,,,
nevertheless,그럼에도 불구하고,,,,,,,,,,,,
plate,"접시, 판, 접시에 담다",plating,"도금, 도금하다",plateau,고원,platform,플랫폼,platitude,진부한 말,,,,
predator,"포식자, 약탈자",predatory,포식자의,,,,,,,,,,
tax,"세금, 과세하다",taxation,과세,,,,,,,,,,
abundant,"풍부한, 매우 많은",abundance,풍부함,,,,,,,,,,
adverse,"반대의, 불리한",adversity,역경,adversarial,"적대적인, 대립적인",adversary,"적수, 상대",,,,,,
arrange,"배열하다, 준비하다",arrangement,"배열, 정리",,,,,,,,,,
award,"상, 수상, 수여하다",,,,,,,,,,,,
British,"영국의, 영국인",,,,,,,,,,,,
colony,"식민지, 식민지화하다",colonize,식민지화하다,colonization,식민화,,,,,,,,
count,"세다, 계산하다, 계산, 중요성",countless,셀 수 없이 많은,,,,,,,,,,
credit,"신용, 신용도, 인정하다",credible,신뢰할 수 있는,credibility,신뢰성,credential,자격증,,,,,,
cue,"신호, 단서, 신호하다",,,,,,,,,,,,
emphasize,"강조하다, 중시하다",emphasis,강조,,,,,,,,,,
enrollment,"등록, 입학",,,,,,,,,,,,
frighten,"겁주다, 위협하다",frightened,겁먹은,frightening,무서운,fright,"공포, 두려움",,,,,,
fuel,"연료, 연료를 공급하다",,,,,,,,,,,,
hero,영웅,heroic,영웅적인,heroine,여주인공,heroism,"영웅적 행위, 용기",,,,,,
huge,"거대한, 막대한",,,,,,,,,,,,
impossible,불가능한,impossibility,불가능성,,,,,,,,,,
inherent,"내재하는, 본질적인",inherently,본질적으로,inherit,"상속하다, 물려받다",,,,,,,,
initial,"초기의, 처음",initially,처음에,,,,,,,,,,
integrate,"통합하다, 합병하다",integration,통합,integral,"필수적인, 완전한",,,,,,,,
legal,"법적인, 법률의, 합법적인",legally,합법적으로,illegally,불법적으로,,,,,,,,
muscle,"근육, 힘",,,,,,,,,,,,
recommend,"추천하다, 권장하다",recommendation,추천,,,,,,,,,,
remarkable,"주목할 만한, 놀라운",remarkably,놀랍게도,remark,"언급하다, 발언",,,,,,,,
review,"검토, 비평, 검토하다, 복습하다",,,,,,,,,,,,
superior,"우수한, 상급의, 상급자",superiority,우월성,,,,,,,,,,
transform,"변형시키다, 변모하다",transformation,변화,,,,,,,,,,
trouble,"문제, 곤란, 괴롭히다",,,,,,,,,,,,
uncertainty,"불확실성, 의심",uncertain,불확실한,,,,,,,,,,
uniform,"균일한, 제복의, 제복",unify,통합하다,uniformity,균일성,,,,,,,,
unit,"단위, 부대",,,,,,,,,,,,
upset,"뒤엎다, 속상하게 하다, 속상한",,,,,,,,,,,,
wave,"파도, 손짓, 손을 흔들다",wavelength,파장,,,,,,,,,,
amaze,놀라게 하다,amazed,놀란,amazing,놀라운,amazingly,놀랍게도,,,,,,
belong,"속하다, 소속되다",belonging,소속감,,,,,,,,,,
comment,"논평, 논평문, 논평하다",commentary,"해설, 논평",,,,,,,,,,
complicate,"복잡하게 만들다, 악화시키다",complicated,복잡한,complication,"복잡성, 합병증",,,,,,,,
despite,~에도 불구하고,,,,,,,,,,,,
endangered,멸종 위기의,endanger,"위태롭게 하다, 위험에 빠뜨리다",,,,,,,,,,
fair,"공정한, 공평한, 박람회, 꽤",fairly,꽤,fairness,공정성,,,,,,,,
fantastic,"환상적인, 굉장한",fantastical,환상적인,fantasmatic,환상적인,fantasize,공상하다,fantasy,환상,,,,
fiction,"소설, 허구",fictional,허구의,fictitious,허구의,,,,,,,,
gene,유전자,,,,,,,,,,,,
imitate,"모방하다, 흉내내다",imitation,모방,imitative,모방의,,,,,,,,
intelligence,"지능, 정보",intelligent,지적인,intelligible,이해할 수 있는,,,,,,,,
intuitive,"직관적인, 직감에 의한",intuitively,직관적으로,intuition,직관,,,,,,,,
journey,"여행, 여정",,,,,,,,,,,,
maximize,"극대화하다, 최대한 활용하다",maximum,최대의,maximum,"최대의, 최대치",,,,,,,,
minimal,"최소의, 극소의",minimalism,미니멀리즘,minimalist,미니멀리스트의,minimize,최소화하다,minimum,최소의,,,,
mix,"섞다, 혼합하다, 혼합물",mixed,혼합된,mixture,혼합,,,,,,,,
opinion,의견,,,,,,,,,,,,
property,"재산, 속성",,,,,,,,,,,,
proud,"자랑스러워하는, 자부심 있는",proudly,자랑스럽게,,,,,,,,,,
sum,"합계, 합계하다",summarize,요약하다,summary,요약,,,,,,,,
symbol,"상징, 기호",symbolic,상징적인,symbolically,상징적으로,symbolism,상징주의,symbolize,상징하다,,,,
temporal,"시간의, 일시적인",temporarily,일시적으로,temporary,"일시적인, 임시의",,,,,,,,
translate,번역하다,translation,번역,translator,번역가,,,,,,,,
wood,"나무, 목재",wooden,나무로 만든,woody,"나무 같은, 목질의",,,,,,,,
alter,"변경하다, 수정하다",altered,"변경된, 달라진",alteration,"변화, 개조",,,,,,,,
annoy,"성가시게 하다, 짜증나게 하다",annoyed,짜증난,annoyance,"짜증, 성가심",,,,,,,,
app,"앱, 응용 프로그램",,,,,,,,,,,,
arise,"발생하다, 일어나다",,,,,,,,,,,,
beat,"이기다, 두드리다, 리듬, 박자",,,,,,,,,,,,
below,"~아래에, 아래에",,,,,,,,,,,,
coach,"코치, 감독, 가르치다, 지도하다",,,,,,,,,,,,
counselor,"상담자, 조언자",counsel,"충고하다, 조언하다, 조언, 변호인단",,,,,,,,,,
deny,"부인하다, 거부하다",,,,,,,,,,,,
diet,"식단, 다이어트, 다이어트하다",dietary,식이의,,,,,,,,,,
disappear,"사라지다, 없어지다",,,,,,,,,,,,
dress,"옷을 입다, 차려입히다, 드레스, 옷",,,,,,,,,,,,
earn,"벌다, 얻다",earnings,"수입, 소득",,,,,,,,,,
edge,"가장자리, 모서리",,,,,,,,,,,,
external,"외부의, 대외적인",externalize,표면화하다,externality,외부성,,,,,,,,
gather,"모으다, 모이다",gathering,모임,,,,,,,,,,
gradually,점차적으로,gradual,점진적인,,,,,,,,,,
ill,"아픈, 심하게",illness,"질병, 병",,,,,,,,,,
instinct,"본능, 직감",instinctive,본능적인,instinctively,본능적으로,,,,,,,,
quiet,"조용한, 고요한, 조용하게 하다, 정적",quietly,조용히,,,,,,,,,,
rapidly,"빠르게, 급속히",rapid,빠른,,,,,,,,,,
relevant,"관련 있는, 적절한",relevance,관련성,,,,,,,,,,
scale,"규모, 저울, 비늘, 오르다, 등급을 매기다",,,,,,,,,,,,
scene,"장면, 현장",scenery,"풍경, 경치",scenario,시나리오,,,,,,,,
screen,"화면, 스크린, 가리다, 선별하다",,,,,,,,,,,,
ship,"배, 선박, 배송하다",shipyard,조선소,,,,,,,,,,
site,"장소, 부지, 배치하다",,,,,,,,,,,,
speech,"연설, 말하기, 연설하다",speechless,말문이 막힌,,,,,,,,,,
stock,"재고, 주식, 일반적인, 비축하다",,,,,,,,,,,,
survey,"설문조사, 조사, 조사하다",,,,,,,,,,,,
switch,"스위치, 전환, 전환하다",,,,,,,,,,,,
willing,"기꺼이 하는, 의향이 있는",willingly,기꺼이,willingness,의지,,,,,,,,
amuse,"즐겁게 하다, 재미를 주다",amusement,오락,amused,즐거운,amusing,즐거움을 주는,,,,,,
announce,"발표하다, 알리다",announcement,발표,announcer,아나운서,,,,,,,,
athlete,운동선수,athletic,운동의,,,,,,,,,,
battle,"전투, 싸움, 싸우다",battlefield,전장,,,,,,,,,,
blind,"눈먼, 눈이 멀게 하다, 블라인드",blindly,맹목적으로,blindness,실명,blindfold,눈가리개,,,,,,
bright,"밝은, 똑똑한, 밝게",brightly,밝게,brightness,밝기,,,,,,,,
celebrate,"축하하다, 기념하다",celebration,축하,celebrity,유명인,,,,,,,,
civilization,문명,,,,,,,,,,,,
copyright,"저작권, 저작권의, 저작권을 주장하다",,,,,,,,,,,,
delay,"지연, 연기, 지연시키다, 연기하다",delayed,지연된,,,,,,,,,,
discipline,"규율, 훈육, 훈육하다",disciplinary,"학문 분야의, 징계의",,,,,,,,,,
discourage,"낙담시키다, 단념시키다",discouraged,낙담한,,,,,,,,,,
document,"문서, 서류, 기록하다, 문서화하다",documentary,다큐멘터리,documentation,문서화,,,,,,,,
electronic,"전자의, 전자 장치의, 전자 기기",electronics,전자제품,,,,,,,,,,
enemy,적,,,,,,,,,,,,
gap,"격차, 틈",,,,,,,,,,,,
glad,기쁜,,,,,,,,,,,,
harmony,"조화, 화합",harmonize,조화를 이루다,harmonious,조화로운,,,,,,,,
magazine,"잡지, 탄창, 탄창을 장전하다",,,,,,,,,,,,
magnify,"확대하다, 과장하다",magnificent,"웅장한, 장엄한",magnitude,"규모, 크기",,,,,,,,
obtain,"얻다, 획득하다",,,,,,,,,,,,
passion,"열정, 정열",passionate,열정적인,passionately,열정적으로,,,,,,,,
praise,"칭찬, 찬양, 칭찬하다",praiseworthy,칭찬할 만한,,,,,,,,,,
priority,"우선권, 우선 순위",prioritize,우선 순위를 정하다,,,,,,,,,,
reply,"응답하다, 회신하다, 응답, 회신",,,,,,,,,,,,
ring,"반지, 고리, 전화걸다",,,,,,,,,,,,
rural,"시골의, 농촌의",,,,,,,,,,,,
severe,"심각한, 가혹한, 격심한",severely,심하게,severity,"엄격함, 심각성",,,,,,,,
slightly,"약간, 조금",slight,약간의,,,,,,,,,,
statement,"진술, 성명, 진술하다",,,,,,,,,,,,
vast,"광대한, 거대한, 대단히",vastly,크게,,,,,,,,,,
village,"마을, 촌락",,,,,,,,,,,,
vocabulary,"어휘, 단어집",,,,,,,,,,,,
yield,"생산하다, 산출하다, 이익을 낳다, 산출량, 이익률",,,,,,,,,,,,
archaeologist,고고학자,archaeological,고고학의,,,,,,,,,,
ashamed,"부끄러운, 수치스러운",,,,,,,,,,,,
assess,"평가하다, 사정하다",assessment,평가,,,,,,,,,,
attach,"붙이다, 첨부하다",attachment,부착,,,,,,,,,,
bank,"은행, 둑을 쌓다",banker,은행가,banking,은행 업무,bankruptcy,파산,,,,,,
birth,"탄생, 출생",,,,,,,,,,,,
block,"장애물, 블록, 막다",blockchain,블록체인,,,,,,,,,,
bond,"유대, 결속, 채권, 결속시키다",,,,,,,,,,,,
complain,"불평하다, 불만을 제기하다",complaint,불만,,,,,,,,,,
convenience,"편의, 편리함",convenient,편리한,,,,,,,,,,
conversation,"대화, 회화, 대화하다",converse,대화하다,,,,,,,,,,
costume,"의상, 복장",,,,,,,,,,,,
craft,"기술, 공예, 공들여 만들다",craftsman,장인,craftsmanship,"솜씨, 기능",,,,,,,,
crucial,"중대한, 결정적인",crucially,결정적으로,,,,,,,,,,
curious,"호기심 많은, 궁금해하는",curiously,호기심 있게,curiosity,호기심,,,,,,,,
defend,"방어하다, 옹호하다",defence,방어,defense,방어,defensive,방어적인,defensively,방어적으로,,,,
derive,"유래하다, 끌어내다",,,,,,,,,,,,
destination,"목적지, 행선지, 행선지를 정하다",,,,,,,,,,,,
divide,"나누다, 분할하다, 분할",division,분할,,,,,,,,,,
excessive,"과도한, 지나친",excess,과잉,excessively,과도하게,,,,,,,,
filter,"거르다, 여과하다, 필터",,,,,,,,,,,,
grateful,"감사하는, 고마운",gratification,만족,,,,,,,,,,
immigrant,"이민자, 이민자의",immigration,이민,,,,,,,,,,
instrument,"악기, 도구",instrumental,"도움이 되는, 기악의",,,,,,,,,,
intend,"의도하다, 작정하다",intended,의도된,,,,,,,,,,
mysterious,"신비로운, 불가사의한",mystery,미스터리,mysterious,신비로운,mysteriously,신비롭게,,,,,,
myth,신화,mythology,신화학,mythos,신화,,,,,,,,
privacy,"사생활, 프라이버시",,,,,,,,,,,,
rank,"등급, 계급, 등급을 매기다",,,,,,,,,,,,
restore,"복원하다, 회복시키다",restoration,복원,,,,,,,,,,
scare,"놀라게 하다, 겁주다, 공포, 큰 놀람",scared,겁먹은,scary,무서운,,,,,,,,
series,"연속, 시리즈",,,,,,,,,,,,
thrill,"스릴, 전율, 전율을 느끼게 하다",thriller,스릴러,thrilling,"스릴 있는, 오싹한",,,,,,,,
tip,"팁, 조언, 기울이다",,,,,,,,,,,,
topic,"주제, 화제",,,,,,,,,,,,
track,"자취, 경로, 추적하다",tracker,추적자,,,,,,,,,,
transmit,"전달하다, 전염시키다",transmission,전송,,,,,,,,,,
unless,~하지 않는 한,,,,,,,,,,,,
verbal,"언어의, 구두의",verb,동사,,,,,,,,,,
board,"판자, 위원회, 탑승하다, 승선하다",boardroom,회의실,,,,,,,,,,
bottom,"바닥, 밑, 최하층의",,,,,,,,,,,,
capital,"수도, 자본금, 주요한, 사형의, 대문자의",capitalism,자본주의,capitalist,자본주의자,capita,1인당,,,,,,
confirm,"확인하다, 확정하다",confirmation,확인,,,,,,,,,,
convert,"전환하다, 개종시키다",conversely,반대로,conversion,"전환, 전환 과정",,,,,,,,
correspond,"해당하다, 서신 교환하다, 서신",correspondence,"서신, 일치",corresponding,해당하는,,,,,,,,
doubt,"의심, 의심하다",doubtful,의심스러운,,,,,,,,,,
eliminate,"제거하다, 없애다",,,,,,,,,,,,
escape,"탈출하다, 벗어나다, 탈출",inescapable,탈출할 수 없는,,,,,,,,,,
flight,"비행, 항공편, 도망가다",,,,,,,,,,,,
furniture,가구,,,,,,,,,,,,
geography,지리학,geographical,지리적인,geothermal,지열의,,,,,,,,
hurry,"서두르다, 급하게 하다, 서두름",hurriedly,급히,,,,,,,,,,
illustrate,"설명하다, 예증하다",illustration,삽화,,,,,,,,,,
incredible,"믿을 수 없는, 대단한",incredibly,믿을 수 없게,,,,,,,,,,
irritate,"짜증나게 하다, 자극하다",irritable,"과민한, 짜증내기 쉬운",irritated,짜증이 난,irritation,짜증,,,,,,
luck,"운, 행운",lucky,운이 좋은,luckily,다행히,,,,,,,,
migrate,"이주하다, 이동하다",migration,이주,migratory,이동하는,migrant,이주민는,,,,,,
modify,"수정하다, 변경하다",modification,수정,modified,"수정된, 개조된",,,,,,,,
monitor,"모니터, 감시자, 감시하다",,,,,,,,,,,,
nest,"둥지, 둥지를 틀다, 알을 낳다",,,,,,,,,,,,
private,"개인의, 사적인, 사병",privacy,사생활,,,,,,,,,,
release,"풀어주다, 발표하다, 방출, 출시",,,,,,,,,,,,
religious,종교적인,religion,종교,,,,,,,,,,
roll,"굴림, 명단, 굴리다, 말다",roller,"롤러, 굴림대",,,,,,,,,,
seed,"씨앗, 씨를 뿌리다",,,,,,,,,,,,
sentence,"문장, 선고하다",,,,,,,,,,,,
shadow,"그림자, 그늘, 그늘지게 하다, 따라다니다",,,,,,,,,,,,
silent,"조용한, 침묵의",silently,조용히,silence,침묵,,,,,,,,
straight,"곧은, 직접의, 곧장",straighten,곧게 하다,straightforward,"직접적인, 솔직한",,,,,,,,
sustain,"유지하다, 지탱하다",sustainable,지속 가능한,sustainability,지속 가능성,sustained,지속된,,,,,,
tire,"피곤하게 하다, 타이어",tired,"피곤한, 지친",tiresome,"지루한, 성가신",tirelessly,지칠 줄 모르고,,,,,,
traffic,"교통, 통행량",,,,,,,,,,,,
universal,"보편적인, 전 세계적인",,,,,,,,,,,,
vacation,"휴가, 휴가를 보내다",,,,,,,,,,,,
accommodate,"수용하다, 적응시키다",accommodation,숙박시설,,,,,,,,,,
admire,"찬양하다, 감탄하다",,,,,,,,,,,,
attack,"공격하다, 공격",attacker,공격자,,,,,,,,,,
bar,"막대기, 술집, 막다, 금지하다",,,,,,,,,,,,
coast,"해안, 천천히 움직이다",coastal,해안의,,,,,,,,,,
code,"규범, 코드, 암호화하다",,,,,,,,,,,,
colleague,"동료, 직장 동료",,,,,,,,,,,,
convince,"납득시키다, 확신시키다",convincing,설득력 있는,conviction,확신,,,,,,,,
core,"핵심, 중심, 핵심의",,,,,,,,,,,,
dynamic,"역동적인, 동적인",dynamics,역학,,,,,,,,,,
exceed,"초과하다, 넘다",exceedingly,대단히,,,,,,,,,,
exploit,"착취하다, 이용하다, 착취",exploitation,"착취, 이용",,,,,,,,,,
factory,"공장, 제조소",,,,,,,,,,,,
flavor,"맛, 풍미, 맛을 내다",,,,,,,,,,,,
former,"이전의, 전자의, 전자",,,,,,,,,,,,
gender,"성별, 성",,,,,,,,,,,,
grocery,"식료품점, 식료품",,,,,,,,,,,,
guilty,"유죄의, 유죄",guilt,죄책감,,,,,,,,,,
hall,"강당, 회관",,,,,,,,,,,,
humor,"유머, 풍자",humorous,유머러스한,,,,,,,,,,
inevitable,불가피한,inevitably,불가피하게,,,,,,,,,,
instant,"즉각적인, 순간",instantly,즉시,instantaneous,즉각적인,instantaneously,즉시,,,,,,
label,"상표, 꼬리표, 표시하다, 라벨을 붙이다",,,,,,,,,,,,
mature,"성숙하다, 성숙한",maturity,성숙,immature,미성숙한,,,,,,,,
multi-faceted,다방면의,multi-celled,다세포의,multiple-choice,객관식의,multi-purpose,다목적의,multi-task,다중 작업,,,,
nonverbal,비언어적인,nonsense,터무니없는 말,nonprofit,비영리의,nonfiction,논픽션,,,,,,
patent,"특허, 특허권, 특허를 얻다",,,,,,,,,,,,
prey,"먹이, 잡아먹다",,,,,,,,,,,,
revolution,"혁명, 회전",revolutionary,혁명적인,revolve,회전하다,,,,,,,,
sequence,"연속, 순서",sequential,연속적인,,,,,,,,,,
strike,"치다, 파업하다, 파업, 타격",striking,눈에 띄는,strikingly,두드러지게,,,,,,,,
subtle,"미묘한, 섬세한",subtly,"미묘하게, 은근히",subtlety,"미묘함, 섬세함",,,,,,,,
sympathetic,"동정적인, 호감이 가는",sympathy,"동정, 공감",,,,,,,,,,
tear,"찢다, 눈물을 흘리다, 눈물",,,,,,,,,,,,
telecommute,재택근무하다,,,,,,,,,,,,
toss,"던지다, 토스하다",,,,,,,,,,,,
unusual,"특이한, 비범한",,,,,,,,,,,,
volume,"용량, 음량, 권, 서적",,,,,,,,,,,,
absence,"결근, 부재",absent,결석한,,,,,,,,,,
accident,"사고, 우연한 일",accidental,우발적인,accidentally,우연히,,,,,,,,
ahead,"앞서, 미리",,,,,,,,,,,,
attribute,"속성, 특성, (~에) 원인을 돌리다",attribution,귀속,,,,,,,,,,
automobile,자동차,automotive,자동차의,,,,,,,,,,
blame,"비난하다, 비난, 책임",,,,,,,,,,,,
borrow,"빌리다, 대출",,,,,,,,,,,,
capture,"포획하다, 포획",captivity,포로 상태,captive,포로의,captain,선장,,,,,,
champion,"챔피언, 우승자, 옹호하다",championship,챔피언십,,,,,,,,,,
classify,"분류하다, 구분하다",classification,분류,,,,,,,,,,
clothing,"의류, 의복",,,,,,,,,,,,
contrary,"반대의, 상반되는, 반대로",,,,,,,,,,,,
cool,"시원한, 시원하게 하다",,,,,,,,,,,,
detect,"탐지하다, 감지하다",detection,탐지,detective,탐정,,,,,,,,
disagree,"동의하지 않다, 반대하다",disagreement,불일치,,,,,,,,,,
domain,"영역, 분야",,,,,,,,,,,,
downside,"부작용, 단점",downfall,"몰락, 타락",downturn,"하강, 침체, 불황",downplay,"경시하다, 과소평가하다",,,,,,
empty,"빈, 텅 빈, 비우다",,,,,,,,,,,,
fan,"선풍기, 팬, 선동하다, 부채질하다",,,,,,,,,,,,
flexible,"유연한, 융통성 있는",flexibility,유연성,,,,,,,,,,
guest,손님,,,,,,,,,,,,
injure,"다치게 하다, 상처 입히다",injured,부상당한,injury,부상,,,,,,,,
install,"설치하다, 임명하다",installation,설치,,,,,,,,,,
investigate,"조사하다, 수사하다",investigation,조사,investigator,조사관,,,,,,,,
lonely,"외로운, 쓸쓸한",loneliness,외로움,,,,,,,,,,
mobile,"이동성의, 휴대용의, 이동전화",mobility,이동성,mobilize,동원하다,,,,,,,,
optimal,"최적의, 최상의",optimism,낙관주의,optimistic,낙관적인,optimist,낙천주의자,,,,,,
plane,"비행기, 평면, 평평한",,,,,,,,,,,,
pollen,꽃가루,pollination,"수분, 꽃가루 매개",pollinator,수분 매개자,,,,,,,,
portrait,"초상화, 묘사",portray,"묘사하다, 그리다",,,,,,,,,,
pottery,"도자기, 도예",potter,도예가,,,,,,,,,,
quantity,"양, 수량",quantitative,양적인,quantity,양,quantifiable,정량화 가능한,,,,,,
renewable,"재생 가능한, 친환경의",renew,갱신하다,,,,,,,,,,
reputation,"평판, 명성",,,,,,,,,,,,
retail,"소매, 소매하다",retailer,소매업자,,,,,,,,,,
routine,"일상, 정규 작업, 일상의",routinely,정기적으로,route,경로,,,,,,,,
sample,"견본, 샘플, 샘플링하다, 시식하다",,,,,,,,,,,,
slip,"미끄러지다, 빠지다, 미끄러짐",slippery,미끄러운,,,,,,,,,,
teen,십 대 청소년,teenage,십대의,teenager,십대 청소년,,,,,,,,
territory,"영토, 지역",territorial,영토의,,,,,,,,,,
trend,"경향, 추세",,,,,,,,,,,,
underestimate,"과소평가하다, 과소평가",undergo,겪다,undermine,약화시키다,,,,,,,,
vital,"필수적인, 생명 유지에 필요한",vitally,매우,,,,,,,,,,
accumulate,축적하다,,,,,,,,,,,,
anthropologist,인류학자,anthropology,인류학,anthropomorphism,의인화,,,,,,,,
article,"기사, 물품, 관사",,,,,,,,,,,,
bat,"박쥐, 방망이, 방망이를 휘두르다",,,,,,,,,,,,
beside,~옆에,besides,"~외에도, 게다가",,,,,,,,,,
chain,"사슬, 연쇄, 연결하다",,,,,,,,,,,,
chart,"도표, 차트, 도표로 나타내다",,,,,,,,,,,,
coordinate,"조정하다, 좌표, 동등한",coordination,조정,coordinator,조정자,,,,,,,,
cultivate,"경작하다, 기르다, 경작",cultivation,경작,cultivar,재배 품종,,,,,,,,
distract,"산만하게 하다, 주의를 돌리다",distraction,산만함,,,,,,,,,,
domestic,"국내의, 가정의",domesticate,길들이다,domestication,"가축화, 길들임",,,,,,,,
exhaust,"고갈시키다, 지치게 하다, 배기가스",,,,,,,,,,,,
format,"형식, 구성, 형식을 지정하다",formation,형성,formative,형성의,,,,,,,,
gallery,"갤러리, 화랑",,,,,,,,,,,,
grass,"풀, 잔디",grassland,초원,,,,,,,,,,
interfere,"방해하다, 간섭하다",interference,간섭,,,,,,,,,,
latter,"후자의, 후자",,,,,,,,,,,,
link,"연결, 고리, 연결하다",,,,,,,,,,,,
negotiate,"협상하다, 교섭하다",negotiation,협상,negotiator,협상가,,,,,,,,
net,"순(이익)의, 순-, 총-, 그물",,,,,,,,,,,,
phrase,"구절, 숙어, 표현하다",,,,,,,,,,,,
recycle,"재활용하다, 재활용",recycled,재활용된,recycling,재활용,,,,,,,,
reinforce,"강화하다, 보강하다",reinforcement,강화,reinforcer,강화 인자,,,,,,,,
sharp,"날카로운, 선명한",sharpen,갈다,sharply,급격히,,,,,,,,
solid,"단단한, 견고한",solidify,굳히다,solidarity,"연대, 결속",solidify,"굳히다, 강화하다",,,,,,
spring,"봄, 튀어오르다, 발생하다",,,,,,,,,,,,
target,"목표, 대상",,,,,,,,,,,,
terrible,"끔찍한, 지독한",terribly,심하게,,,,,,,,,,
trial,"재판, 시험",trialability,시험 가능성,,,,,,,,,,
vote,"투표하다, 투표, 표결",voter,유권자,,,,,,,,,,
administer,"관리하다, 집행하다",administration,"행정, 정부",administrative,행정의,,,,,,,,
barrier,"장벽, 장애물",,,,,,,,,,,,
boat,"보트, 배, 보트로 운송하다",,,,,,,,,,,,
brand,"상표, 브랜드, (상품에) 표시하다",brandish,휘두르다,brand-new,새것 같은,,,,,,,,
bridge,"다리, 연결하다",,,,,,,,,,,,
broadcast,"방송하다, 방송",broadcaster,"방송사, 방송인",,,,,,,,,,
chair,"의자, 의장, 의장으로 맡다",,,,,,,,,,,,
climb,"오르다, 등반하다",,,,,,,,,,,,
coin,"동전, 신조어를 만들다",,,,,,,,,,,,
compensate,"보상하다, 상쇄하다",compensation,보상,,,,,,,,,,
corporation,"법인, 기업",corporate,기업의,,,,,,,,,,
crime,범죄,criminal,범죄의,,,,,,,,,,
dead,"죽은, 무생물의",deadly,치명적인,deadline,마감일,deadlock,교착 상태,,,,,,
dense,"밀집한, 빽빽한",densely,"밀집하여, 빽빽이",density,밀도,,,,,,,,
dilemma,"딜레마, 곤경",,,,,,,,,,,,
disadvantage,"불리한 점, 단점, 불이익을 주다",,,,,,,,,,,,
discount,"할인, 무시, 할인하다, 무시하다",discounted,할인된,,,,,,,,,,
dispose,"처분하다, 처리하다",disposable,일회용의,disposal,"처분, 폐기",disposition,"성향, 기질, 처리, 배열",dispositional,"성향의, 기질의",,,,
dramatic,극적인,dramatically,극적으로,,,,,,,,,,
dry,"건조한, 건조시키다",dryer,건조기,,,,,,,,,,
duration,지속 기간,,,,,,,,,,,,
embarrassed,"당황한, 부끄러운",embarrassment,"당황, 난처함",,,,,,,,,,
exclude,"제외하다, 배제하다",exclusion,제외,exclusive,독점적인,exclusivity,독점성,,,,,,
extra,"추가의, 여분의, 아주, 더",,,,,,,,,,,,
fence,"울타리, 펜스, 울타리를 치다, 매매하다",,,,,,,,,,,,
freeze,"얼다, 냉동시키다, 동결",freezing,얼음 같은,,,,,,,,,,
guarantee,"보장하다, 보증하다, 보증, 보증서",,,,,,,,,,,,
height,"높이, 키",heighten,높이다,,,,,,,,,,
hypothesis,가설,hypothesize,가설을 세우다,hypothetical,가설의,,,,,,,,
illusion,"환상, 착각",,,,,,,,,,,,
imply,"암시하다, 뜻하다",implicit,암묵적인,,,,,,,,,,
incentive,"장려책, 동기, 자극적인",,,,,,,,,,,,
jealous,"질투하는, 샘내는",jealousy,질투,,,,,,,,,,
merchandise,"상품, 물품, 상품화하다",merchandiser,판매원,merchant,"상인, 무역상",,,,,,,,
minority,"소수, 소수 민족",minor,"사소한, 소수의, 미성년자",,,,,,,,,,
occupy,"차지하다, 점령하다",occupation,직업,,,,,,,,,,
official,"공식적인, 공무원",officially,공식적으로,,,,,,,,,,
overall,"전반적인, 종합적으로, 작업복",,,,,,,,,,,,
pace,"속도, 걸음, 속도를 조절하다",,,,,,,,,,,,
page,"페이지, 면, 페이지를 매기다",,,,,,,,,,,,
peaceful,"평화로운, 고요한",,,,,,,,,,,,
peer,"동료, 유심히 보다",,,,,,,,,,,,
persist,"지속하다, 고집하다",persistent,"지속적인, 끈질긴",persistently,"끈질기게, 지속적으로",persistence,끈기,,,,,,
plenty,"많은, 풍부한, 풍부함",plentiful,"풍부한, 충분한",,,,,,,,,,
possess,"소유하다, 지니다",possession,소유,possessor,소유자,,,,,,,,
prize,"상, 상품, 소중히 여기다",,,,,,,,,,,,
propose,"제안하다, 제의하다",proposal,제안,,,,,,,,,,
remind,"상기시키다, 일깨우다",reminder,알림,,,,,,,,,,
rent,"빌리다, 임대료",rental,임대,,,,,,,,,,
respectively,"각각, 각기",respective,각각의,,,,,,,,,,
rough,"거친, 대략적인",roughly,"대략, 거칠게",,,,,,,,,,
settle,"해결하다, 정착하다, 지급하다",settlement,합의,,,,,,,,,,
sight,"시력, 광경, 보다",sighted,시력이 좋은,sightseeing,관광,,,,,,,,
sink,"가라앉다, 싱크대",,,,,,,,,,,,
tiny,"작은, 미세한",,,,,,,,,,,,
tragedy,비극,tragic,비극적인,,,,,,,,,,
virtual,"가상의, 사실상의",virtually,가상으로,,,,,,,,,,
absorb,"흡수하다, 몰두하게 하다",,,,,,,,,,,,
adventure,"모험, 모험심, 모험하다",adventurous,모험적인,,,,,,,,,,
aid,"도움, 돕다",,,,,,,,,,,,
alarm,"경보, 놀람, 놀라게 하다, 경보를 울리다",,,,,,,,,,,,
apart,"떨어져, 분리된",,,,,,,,,,,,
atmosphere,"대기, 분위기",atmospheric,대기의,,,,,,,,,,
band,"밴드, 띠, 띠를 두르다",,,,,,,,,,,,
boundary,"경계, 한계",boundless,"한없는, 무한한",,,,,,,,,,
cheap,"싼, 저렴한",cheaply,싸게,,,,,,,,,,
comprehend,"이해하다, 파악하다",comprehension,이해력,comprehensive,"포괄적인, 종합적인",,,,,,,,
conference,"회의, 학회",,,,,,,,,,,,
court,"법원, 구애하다, 환심을 사다",,,,,,,,,,,,
crossover,"교차, 융합",crossword,십자말풀이,crosswalk,횡단보도,,,,,,,,
desperate,"필사적인, 절망적인",desperately,필사적으로,,,,,,,,,,
elect,"선출하다, 선택하다",elective,선택의,election,선거,,,,,,,,
entertain,즐겁게 하다,entertainer,연예인,entertaining,재미있는,entertainment,오락,,,,,,
envious,"부러워하는, 질투하는",,,,,,,,,,,,
exposure,"노출, 폭로",,,,,,,,,,,,
fame,"명성, 유명세",,,,,,,,,,,,
flash,"섬광, 번쩍이다, 순식간의",flashlight,"섬광, 손전등",flashback,회상,,,,,,,,
grab,"잡다, 움켜잡다",,,,,,,,,,,,
grain,"곡물, 낟알",granary,곡물 창고,,,,,,,,,,
grant,"수여하다, 승인하다, 보조금",granted,"승인된, 허가된, ~을 고려하면",,,,,,,,,,
hike,"도보 여행하다, 도보 여행",hiker,등산객,,,,,,,,,,
honest,"정직한, 솔직한",honesty,정직,honestly,솔직히,,,,,,,,
implication,"함축, 암시",implicate,암시하다,,,,,,,,,,
interview,"인터뷰, 면접, 인터뷰하다",interviewee,면접 대상자,interviewer,면접관,,,,,,,,
literate,"글을 읽고 쓸 줄 아는, 박식한",literacy,읽고 쓰는 능력,literally,문자 그대로,,,,,,,,
lock,"잠그다, 고정하다, 자물쇠",locker,사물함,,,,,,,,,,
maybe,"아마, 어쩌면",,,,,,,,,,,,
metaphor,"은유, 비유",metaphorical,은유적인,metaphorically,은유적으로,,,,,,,,
moderate,"적당한, 온건한, 완화하다",moderately,"적당히, 중간 정도",,,,,,,,,,
motor,"모터, a. 자동차의, 운동의",motorcycle,오토바이,motorist,운전자,motorize,동력화하다,,,,,,
mutual,"상호의, 서로의",mutually,상호간에,,,,,,,,,,
neutral,"중립의, 중립국",neutrality,중립성,,,,,,,,,,
nor,~도 아니다,,,,,,,,,,,,
pet,"애완동물, 애완하다",,,,,,,,,,,,
